txn_id,segment_code,segment_name
1,HRC,Healthcare
2,HRC,Healthcare
3,HRC,Healthcare
4,HRC,Healthcare
5,HRC,Healthcare
6,HRC,Healthcare
7,HRC,Healthcare
8,HRC,Healthcare
9,HRC,Healthcare
10,HRC,Healthcare
11,HRC,Healthcare
12,HRC,Healthcare
13,HRC,Healthcare
14,HRC,Healthcare
15,HRC,Healthcare
16,HRC,Healthcare
17,HRC,Healthcare
18,HRC,Healthcare
19,HRC,Healthcare
20,HRC,Healthcare
21,HRC,Healthcare
22,HRC,Healthcare
23,HRC,Healthcare
24,HRC,Healthcare
25,HRC,Healthcare
26,HRC,Healthcare
27,HRC,Healthcare
28,HRC,Healthcare
29,HRC,Healthcare
30,HRC,Healthcare
31,HRC,Healthcare
32,HRC,Healthcare
33,HRC,Healthcare
34,HRC,Healthcare
35,HRC,Healthcare
36,HRC,Healthcare
37,HRC,Healthcare
38,HRC,Healthcare
39,HRC,Healthcare
40,HRC,Healthcare
41,HRC,Healthcare
42,HRC,Healthcare
43,HRC,Healthcare
44,HRC,Healthcare
45,HRC,Healthcare
46,HRC,Healthcare
47,HRC,Healthcare
48,HRC,Healthcare
49,HRC,Healthcare
50,HRC,Healthcare
51,HRC,Healthcare
52,HRC,Healthcare
53,HRC,Healthcare
54,HRC,Healthcare
55,HRC,Healthcare
56,HRC,Healthcare
57,HRC,Healthcare
58,HRC,Healthcare
59,HRC,Healthcare
60,HRC,Healthcare
61,HRC,Healthcare
62,HRC,Healthcare
63,HRC,Healthcare
64,HRC,Healthcare
65,HRC,Healthcare
66,HRC,Healthcare
67,HRC,Healthcare
68,HRC,Healthcare
69,HRC,Healthcare
70,HRC,Healthcare
71,HRC,Healthcare
72,HRC,Healthcare
73,HRC,Healthcare
74,HRC,Healthcare
75,HRC,Healthcare
76,HRC,Healthcare
77,HRC,Healthcare
78,HRC,Healthcare
79,HRC,Healthcare
80,HRC,Healthcare
81,CON,Consumer
82,CON,Consumer
83,CON,Consumer
84,CON,Consumer
85,CON,Consumer
86,CON,Consumer
87,CON,Consumer
88,CON,Consumer
89,CON,Consumer
90,CON,Consumer
91,CON,Consumer
92,CON,Consumer
93,CON,Consumer
94,CON,Consumer
95,CON,Consumer
96,CON,Consumer
97,CON,Consumer
98,CON,Consumer
99,CON,Consumer
100,CON,Consumer
101,CON,Consumer
102,CON,Consumer
103,CON,Consumer
104,CON,Consumer
105,CON,Consumer
106,CON,Consumer
107,CON,Consumer
108,CON,Consumer
109,CON,Consumer
110,CON,Consumer
111,CON,Consumer
112,CON,Consumer
113,CON,Consumer
114,CON,Consumer
115,CON,Consumer
116,CON,Consumer
117,CON,Consumer
118,CON,Consumer
119,CON,Consumer
120,CON,Consumer
121,RET,Retail
122,RET,Retail
123,RET,Retail
124,RET,Retail
125,RET,Retail
126,RET,Retail
127,RET,Retail
128,RET,Retail
129,RET,Retail
130,RET,Retail
131,RET,Retail
132,RET,Retail
133,RET,Retail
134,RET,Retail
135,RET,Retail
136,RET,Retail
137,RET,Retail
138,RET,Retail
139,RET,Retail
140,RET,Retail
141,RET,Retail
142,RET,Retail
143,RET,Retail
144,RET,Retail
145,RET,Retail
146,RET,Retail
147,RET,Retail
148,RET,Retail
149,RET,Retail
150,RET,Retail
151,RET,Retail
152,RET,Retail
153,RET,Retail
154,RET,Retail
155,RET,Retail
156,RET,Retail
157,RET,Retail
158,RET,Retail
159,RET,Retail
160,RET,Retail
161,RET,Retail
162,RET,Retail
163,RET,Retail
164,RET,Retail
165,RET,Retail
166,RET,Retail
167,RET,Retail
168,RET,Retail
169,RET,Retail
170,RET,Retail
171,RET,Retail
172,RET,Retail
173,RET,Retail
174,RET,Retail
175,RET,Retail
176,RET,Retail
177,RET,Retail
178,RET,Retail
179,RET,Retail
180,RET,Retail
181,RET,Retail
182,RET,Retail
183,RET,Retail
184,RET,Retail
185,RET,Retail
186,RET,Retail
187,RET,Retail
188,RET,Retail
189,RET,Retail
190,RET,Retail
191,RET,Retail
192,RET,Retail
193,RET,Retail
194,RET,Retail
195,RET,Retail
196,RET,Retail
197,RET,Retail
198,RET,Retail
199,RET,Retail
200,RET,Retail
201,RET,Retail
202,RET,Retail
203,RET,Retail
204,RET,Retail
205,RET,Retail
206,RET,Retail
207,RET,Retail
208,RET,Retail
209,RET,Retail
210,RET,Retail
211,RET,Retail
212,RET,Retail
213,RET,Retail
214,RET,Retail
215,RET,Retail
216,RET,Retail
217,RET,Retail
218,RET,Retail
219,RET,Retail
220,RET,Retail
221,RET,Retail
222,RET,Retail
223,RET,Retail
224,RET,Retail
225,RET,Retail
226,RET,Retail
227,RET,Retail
228,RET,Retail
229,RET,Retail
230,RET,Retail
231,RET,Retail
232,RET,Retail
233,RET,Retail
234,RET,Retail
235,RET,Retail
236,RET,Retail
237,RET,Retail
238,RET,Retail
239,RET,Retail
240,RET,Retail
241,MFG,Manufacturing
242,MFG,Manufacturing
243,MFG,Manufacturing
244,MFG,Manufacturing
245,MFG,Manufacturing
246,MFG,Manufacturing
247,MFG,Manufacturing
248,MFG,Manufacturing
249,MFG,Manufacturing
250,MFG,Manufacturing
251,MFG,Manufacturing
252,MFG,Manufacturing
253,MFG,Manufacturing
254,MFG,Manufacturing
255,MFG,Manufacturing
256,MFG,Manufacturing
257,MFG,Manufacturing
258,MFG,Manufacturing
259,MFG,Manufacturing
260,MFG,Manufacturing
261,MFG,Manufacturing
262,MFG,Manufacturing
263,MFG,Manufacturing
264,MFG,Manufacturing
265,MFG,Manufacturing
266,MFG,Manufacturing
267,MFG,Manufacturing
268,MFG,Manufacturing
269,MFG,Manufacturing
270,MFG,Manufacturing
271,MFG,Manufacturing
272,MFG,Manufacturing
273,MFG,Manufacturing
274,MFG,Manufacturing
275,MFG,Manufacturing
276,MFG,Manufacturing
277,MFG,Manufacturing
278,MFG,Manufacturing
279,MFG,Manufacturing
280,MFG,Manufacturing
281,MFG,Manufacturing
282,MFG,Manufacturing
283,MFG,Manufacturing
284,MFG,Manufacturing
285,MFG,Manufacturing
286,MFG,Manufacturing
287,MFG,Manufacturing
288,MFG,Manufacturing
289,MFG,Manufacturing
290,MFG,Manufacturing
291,MFG,Manufacturing
292,MFG,Manufacturing
293,MFG,Manufacturing
294,MFG,Manufacturing
295,MFG,Manufacturing
296,MFG,Manufacturing
297,MFG,Manufacturing
298,MFG,Manufacturing
299,MFG,Manufacturing
300,MFG,Manufacturing
301,MFG,Manufacturing
302,MFG,Manufacturing
303,MFG,Manufacturing
304,MFG,Manufacturing
305,MFG,Manufacturing
306,MFG,Manufacturing
307,MFG,Manufacturing
308,MFG,Manufacturing
309,MFG,Manufacturing
310,MFG,Manufacturing
311,MFG,Manufacturing
312,MFG,Manufacturing
313,MFG,Manufacturing
314,MFG,Manufacturing
315,MFG,Manufacturing
316,MFG,Manufacturing
317,MFG,Manufacturing
318,MFG,Manufacturing
319,MFG,Manufacturing
320,MFG,Manufacturing
321,CON,Consumer
322,CON,Consumer
323,CON,Consumer
324,CON,Consumer
325,CON,Consumer
326,CON,Consumer
327,CON,Consumer
328,CON,Consumer
329,CON,Consumer
330,CON,Consumer
331,CON,Consumer
332,CON,Consumer
333,CON,Consumer
334,CON,Consumer
335,CON,Consumer
336,CON,Consumer
337,CON,Consumer
338,CON,Consumer
339,CON,Consumer
340,CON,Consumer
341,CON,Consumer
342,CON,Consumer
343,CON,Consumer
344,CON,Consumer
345,CON,Consumer
346,CON,Consumer
347,CON,Consumer
348,CON,Consumer
349,CON,Consumer
350,CON,Consumer
351,CON,Consumer
352,CON,Consumer
353,CON,Consumer
354,CON,Consumer
355,CON,Consumer
356,CON,Consumer
357,CON,Consumer
358,CON,Consumer
359,CON,Consumer
360,CON,Consumer
361,CON,Consumer
362,CON,Consumer
363,CON,Consumer
364,CON,Consumer
365,CON,Consumer
366,CON,Consumer
367,CON,Consumer
368,CON,Consumer
369,CON,Consumer
370,CON,Consumer
371,CON,Consumer
372,CON,Consumer
373,CON,Consumer
374,CON,Consumer
375,CON,Consumer
376,CON,Consumer
377,CON,Consumer
378,CON,Consumer
379,CON,Consumer
380,CON,Consumer
381,CON,Consumer
382,CON,Consumer
383,CON,Consumer
384,CON,Consumer
385,CON,Consumer
386,CON,Consumer
387,CON,Consumer
388,CON,Consumer
389,CON,Consumer
390,CON,Consumer
391,CON,Consumer
392,CON,Consumer
393,CON,Consumer
394,CON,Consumer
395,CON,Consumer
396,CON,Consumer
397,CON,Consumer
398,CON,Consumer
399,CON,Consumer
400,CON,Consumer
401,HRC,Healthcare
402,HRC,Healthcare
403,HRC,Healthcare
404,HRC,Healthcare
405,HRC,Healthcare
406,HRC,Healthcare
407,HRC,Healthcare
408,HRC,Healthcare
409,HRC,Healthcare
410,HRC,Healthcare
411,HRC,Healthcare
412,HRC,Healthcare
413,HRC,Healthcare
414,HRC,Healthcare
415,HRC,Healthcare
416,HRC,Healthcare
417,HRC,Healthcare
418,HRC,Healthcare
419,HRC,Healthcare
420,HRC,Healthcare
421,HRC,Healthcare
422,HRC,Healthcare
423,HRC,Healthcare
424,HRC,Healthcare
425,HRC,Healthcare
426,HRC,Healthcare
427,HRC,Healthcare
428,HRC,Healthcare
429,HRC,Healthcare
430,HRC,Healthcare
431,HRC,Healthcare
432,HRC,Healthcare
433,HRC,Healthcare
434,HRC,Healthcare
435,HRC,Healthcare
436,HRC,Healthcare
437,HRC,Healthcare
438,HRC,Healthcare
439,HRC,Healthcare
440,HRC,Healthcare
441,HRC,Healthcare
442,HRC,Healthcare
443,HRC,Healthcare
444,HRC,Healthcare
445,HRC,Healthcare
446,HRC,Healthcare
447,HRC,Healthcare
448,HRC,Healthcare
449,HRC,Healthcare
450,HRC,Healthcare
451,HRC,Healthcare
452,HRC,Healthcare
453,HRC,Healthcare
454,HRC,Healthcare
455,HRC,Healthcare
456,HRC,Healthcare
457,HRC,Healthcare
458,HRC,Healthcare
459,HRC,Healthcare
460,HRC,Healthcare
461,HRC,Healthcare
462,HRC,Healthcare
463,HRC,Healthcare
464,HRC,Healthcare
465,HRC,Healthcare
466,HRC,Healthcare
467,HRC,Healthcare
468,HRC,Healthcare
469,HRC,Healthcare
470,HRC,Healthcare
471,HRC,Healthcare
472,HRC,Healthcare
473,HRC,Healthcare
474,HRC,Healthcare
475,HRC,Healthcare
476,HRC,Healthcare
477,HRC,Healthcare
478,HRC,Healthcare
479,HRC,Healthcare
480,HRC,Healthcare
481,CON,Consumer
482,CON,Consumer
483,CON,Consumer
484,CON,Consumer
485,CON,Consumer
486,CON,Consumer
487,CON,Consumer
488,CON,Consumer
489,CON,Consumer
490,CON,Consumer
491,CON,Consumer
492,CON,Consumer
493,CON,Consumer
494,CON,Consumer
495,CON,Consumer
496,CON,Consumer
497,CON,Consumer
498,CON,Consumer
499,CON,Consumer
500,CON,Consumer
501,CON,Consumer
502,CON,Consumer
503,CON,Consumer
504,CON,Consumer
505,CON,Consumer
506,CON,Consumer
507,CON,Consumer
508,CON,Consumer
509,CON,Consumer
510,CON,Consumer
511,CON,Consumer
512,CON,Consumer
513,CON,Consumer
514,CON,Consumer
515,CON,Consumer
516,CON,Consumer
517,CON,Consumer
518,CON,Consumer
519,CON,Consumer
520,CON,Consumer
521,RET,Retail
522,RET,Retail
523,RET,Retail
524,RET,Retail
525,RET,Retail
526,RET,Retail
527,RET,Retail
528,RET,Retail
529,RET,Retail
530,RET,Retail
531,RET,Retail
532,RET,Retail
533,RET,Retail
534,RET,Retail
535,RET,Retail
536,RET,Retail
537,RET,Retail
538,RET,Retail
539,RET,Retail
540,RET,Retail
541,RET,Retail
542,RET,Retail
543,RET,Retail
544,RET,Retail
545,RET,Retail
546,RET,Retail
547,RET,Retail
548,RET,Retail
549,RET,Retail
550,RET,Retail
551,RET,Retail
552,RET,Retail
553,RET,Retail
554,RET,Retail
555,RET,Retail
556,RET,Retail
557,RET,Retail
558,RET,Retail
559,RET,Retail
560,RET,Retail
561,RET,Retail
562,RET,Retail
563,RET,Retail
564,RET,Retail
565,RET,Retail
566,RET,Retail
567,RET,Retail
568,RET,Retail
569,RET,Retail
570,RET,Retail
571,RET,Retail
572,RET,Retail
573,RET,Retail
574,RET,Retail
575,RET,Retail
576,RET,Retail
577,RET,Retail
578,RET,Retail
579,RET,Retail
580,RET,Retail
581,RET,Retail
582,RET,Retail
583,RET,Retail
584,RET,Retail
585,RET,Retail
586,RET,Retail
587,RET,Retail
588,RET,Retail
589,RET,Retail
590,RET,Retail
591,RET,Retail
592,RET,Retail
593,RET,Retail
594,RET,Retail
595,RET,Retail
596,RET,Retail
597,RET,Retail
598,RET,Retail
599,RET,Retail
600,RET,Retail
601,RET,Retail
602,RET,Retail
603,RET,Retail
604,RET,Retail
605,RET,Retail
606,RET,Retail
607,RET,Retail
608,RET,Retail
609,RET,Retail
610,RET,Retail
611,RET,Retail
612,RET,Retail
613,RET,Retail
614,RET,Retail
615,RET,Retail
616,RET,Retail
617,RET,Retail
618,RET,Retail
619,RET,Retail
620,RET,Retail
621,RET,Retail
622,RET,Retail
623,RET,Retail
624,RET,Retail
625,RET,Retail
626,RET,Retail
627,RET,Retail
628,RET,Retail
629,RET,Retail
630,RET,Retail
631,RET,Retail
632,RET,Retail
633,RET,Retail
634,RET,Retail
635,RET,Retail
636,RET,Retail
637,RET,Retail
638,RET,Retail
639,RET,Retail
640,RET,Retail
641,MFG,Manufacturing
642,MFG,Manufacturing
643,MFG,Manufacturing
644,MFG,Manufacturing
645,MFG,Manufacturing
646,MFG,Manufacturing
647,MFG,Manufacturing
648,MFG,Manufacturing
649,MFG,Manufacturing
650,MFG,Manufacturing
651,MFG,Manufacturing
652,MFG,Manufacturing
653,MFG,Manufacturing
654,MFG,Manufacturing
655,MFG,Manufacturing
656,MFG,Manufacturing
657,MFG,Manufacturing
658,MFG,Manufacturing
659,MFG,Manufacturing
660,MFG,Manufacturing
661,MFG,Manufacturing
662,MFG,Manufacturing
663,MFG,Manufacturing
664,MFG,Manufacturing
665,MFG,Manufacturing
666,MFG,Manufacturing
667,MFG,Manufacturing
668,MFG,Manufacturing
669,MFG,Manufacturing
670,MFG,Manufacturing
671,MFG,Manufacturing
672,MFG,Manufacturing
673,MFG,Manufacturing
674,MFG,Manufacturing
675,MFG,Manufacturing
676,MFG,Manufacturing
677,MFG,Manufacturing
678,MFG,Manufacturing
679,MFG,Manufacturing
680,MFG,Manufacturing
681,MFG,Manufacturing
682,MFG,Manufacturing
683,MFG,Manufacturing
684,MFG,Manufacturing
685,MFG,Manufacturing
686,MFG,Manufacturing
687,MFG,Manufacturing
688,MFG,Manufacturing
689,MFG,Manufacturing
690,MFG,Manufacturing
691,MFG,Manufacturing
692,MFG,Manufacturing
693,MFG,Manufacturing
694,MFG,Manufacturing
695,MFG,Manufacturing
696,MFG,Manufacturing
697,MFG,Manufacturing
698,MFG,Manufacturing
699,MFG,Manufacturing
700,MFG,Manufacturing
701,MFG,Manufacturing
702,MFG,Manufacturing
703,MFG,Manufacturing
704,MFG,Manufacturing
705,MFG,Manufacturing
706,MFG,Manufacturing
707,MFG,Manufacturing
708,MFG,Manufacturing
709,MFG,Manufacturing
710,MFG,Manufacturing
711,MFG,Manufacturing
712,MFG,Manufacturing
713,MFG,Manufacturing
714,MFG,Manufacturing
715,MFG,Manufacturing
716,MFG,Manufacturing
717,MFG,Manufacturing
718,MFG,Manufacturing
719,MFG,Manufacturing
720,MFG,Manufacturing
721,CON,Consumer
722,CON,Consumer
723,CON,Consumer
724,CON,Consumer
725,CON,Consumer
726,CON,Consumer
727,CON,Consumer
728,CON,Consumer
729,CON,Consumer
730,CON,Consumer
731,CON,Consumer
732,CON,Consumer
733,CON,Consumer
734,CON,Consumer
735,CON,Consumer
736,CON,Consumer
737,CON,Consumer
738,CON,Consumer
739,CON,Consumer
740,CON,Consumer
741,CON,Consumer
742,CON,Consumer
743,CON,Consumer
744,CON,Consumer
745,CON,Consumer
746,CON,Consumer
747,CON,Consumer
748,CON,Consumer
749,CON,Consumer
750,CON,Consumer
751,CON,Consumer
752,CON,Consumer
753,CON,Consumer
754,CON,Consumer
755,CON,Consumer
756,CON,Consumer
757,CON,Consumer
758,CON,Consumer
759,CON,Consumer
760,CON,Consumer
761,CON,Consumer
762,CON,Consumer
763,CON,Consumer
764,CON,Consumer
765,CON,Consumer
766,CON,Consumer
767,CON,Consumer
768,CON,Consumer
769,CON,Consumer
770,CON,Consumer
771,CON,Consumer
772,CON,Consumer
773,CON,Consumer
774,CON,Consumer
775,CON,Consumer
776,CON,Consumer
777,CON,Consumer
778,CON,Consumer
779,CON,Consumer
780,CON,Consumer
781,CON,Consumer
782,CON,Consumer
783,CON,Consumer
784,CON,Consumer
785,CON,Consumer
786,CON,Consumer
787,CON,Consumer
788,CON,Consumer
789,CON,Consumer
790,CON,Consumer
791,CON,Consumer
792,CON,Consumer
793,CON,Consumer
794,CON,Consumer
795,CON,Consumer
796,CON,Consumer
797,CON,Consumer
798,CON,Consumer
799,CON,Consumer
800,CON,Consumer
801,HRC,Healthcare
802,HRC,Healthcare
803,HRC,Healthcare
804,HRC,Healthcare
805,HRC,Healthcare
806,HRC,Healthcare
807,HRC,Healthcare
808,HRC,Healthcare
809,HRC,Healthcare
810,HRC,Healthcare
811,HRC,Healthcare
812,HRC,Healthcare
813,HRC,Healthcare
814,HRC,Healthcare
815,HRC,Healthcare
816,HRC,Healthcare
817,HRC,Healthcare
818,HRC,Healthcare
819,HRC,Healthcare
820,HRC,Healthcare
821,HRC,Healthcare
822,HRC,Healthcare
823,HRC,Healthcare
824,HRC,Healthcare
825,HRC,Healthcare
826,HRC,Healthcare
827,HRC,Healthcare
828,HRC,Healthcare
829,HRC,Healthcare
830,HRC,Healthcare
831,HRC,Healthcare
832,HRC,Healthcare
833,HRC,Healthcare
834,HRC,Healthcare
835,HRC,Healthcare
836,HRC,Healthcare
837,HRC,Healthcare
838,HRC,Healthcare
839,HRC,Healthcare
840,HRC,Healthcare
841,HRC,Healthcare
842,HRC,Healthcare
843,HRC,Healthcare
844,HRC,Healthcare
845,HRC,Healthcare
846,HRC,Healthcare
847,HRC,Healthcare
848,HRC,Healthcare
849,HRC,Healthcare
850,HRC,Healthcare
851,HRC,Healthcare
852,HRC,Healthcare
853,HRC,Healthcare
854,HRC,Healthcare
855,HRC,Healthcare
856,HRC,Healthcare
857,HRC,Healthcare
858,HRC,Healthcare
859,HRC,Healthcare
860,HRC,Healthcare
861,HRC,Healthcare
862,HRC,Healthcare
863,HRC,Healthcare
864,HRC,Healthcare
865,HRC,Healthcare
866,HRC,Healthcare
867,HRC,Healthcare
868,HRC,Healthcare
869,HRC,Healthcare
870,HRC,Healthcare
871,HRC,Healthcare
872,HRC,Healthcare
873,HRC,Healthcare
874,HRC,Healthcare
875,HRC,Healthcare
876,HRC,Healthcare
877,HRC,Healthcare
878,HRC,Healthcare
879,HRC,Healthcare
880,HRC,Healthcare
881,CON,Consumer
882,CON,Consumer
883,CON,Consumer
884,CON,Consumer
885,CON,Consumer
886,CON,Consumer
887,CON,Consumer
888,CON,Consumer
889,CON,Consumer
890,CON,Consumer
891,CON,Consumer
892,CON,Consumer
893,CON,Consumer
894,CON,Consumer
895,CON,Consumer
896,CON,Consumer
897,CON,Consumer
898,CON,Consumer
899,CON,Consumer
900,CON,Consumer
901,CON,Consumer
902,CON,Consumer
903,CON,Consumer
904,CON,Consumer
905,CON,Consumer
906,CON,Consumer
907,CON,Consumer
908,CON,Consumer
909,CON,Consumer
910,CON,Consumer
911,CON,Consumer
912,CON,Consumer
913,CON,Consumer
914,CON,Consumer
915,CON,Consumer
916,CON,Consumer
917,CON,Consumer
918,CON,Consumer
919,CON,Consumer
920,CON,Consumer
921,RET,Retail
922,RET,Retail
923,RET,Retail
924,RET,Retail
925,RET,Retail
926,RET,Retail
927,RET,Retail
928,RET,Retail
929,RET,Retail
930,RET,Retail
931,RET,Retail
932,RET,Retail
933,RET,Retail
934,RET,Retail
935,RET,Retail
936,RET,Retail
937,RET,Retail
938,RET,Retail
939,RET,Retail
940,RET,Retail
941,RET,Retail
942,RET,Retail
943,RET,Retail
944,RET,Retail
945,RET,Retail
946,RET,Retail
947,RET,Retail
948,RET,Retail
949,RET,Retail
950,RET,Retail
951,RET,Retail
952,RET,Retail
953,RET,Retail
954,RET,Retail
955,RET,Retail
956,RET,Retail
957,RET,Retail
958,RET,Retail
959,RET,Retail
960,RET,Retail
961,RET,Retail
962,RET,Retail
963,RET,Retail
964,RET,Retail
965,RET,Retail
966,RET,Retail
967,RET,Retail
968,RET,Retail
969,RET,Retail
970,RET,Retail
971,RET,Retail
972,RET,Retail
973,RET,Retail
974,RET,Retail
975,RET,Retail
976,RET,Retail
977,RET,Retail
978,RET,Retail
979,RET,Retail
980,RET,Retail
981,RET,Retail
982,RET,Retail
983,RET,Retail
984,RET,Retail
985,RET,Retail
986,RET,Retail
987,RET,Retail
988,RET,Retail
989,RET,Retail
990,RET,Retail
991,RET,Retail
992,RET,Retail
993,RET,Retail
994,RET,Retail
995,RET,Retail
996,RET,Retail
997,RET,Retail
998,RET,Retail
999,RET,Retail
1000,RET,Retail
1001,RET,Retail
1002,RET,Retail
1003,RET,Retail
1004,RET,Retail
1005,RET,Retail
1006,RET,Retail
1007,RET,Retail
1008,RET,Retail
1009,RET,Retail
1010,RET,Retail
1011,RET,Retail
1012,RET,Retail
1013,RET,Retail
1014,RET,Retail
1015,RET,Retail
1016,RET,Retail
1017,RET,Retail
1018,RET,Retail
1019,RET,Retail
1020,RET,Retail
1021,RET,Retail
1022,RET,Retail
1023,RET,Retail
1024,RET,Retail
1025,RET,Retail
1026,RET,Retail
1027,RET,Retail
1028,RET,Retail
1029,RET,Retail
1030,RET,Retail
1031,RET,Retail
1032,RET,Retail
1033,RET,Retail
1034,RET,Retail
1035,RET,Retail
1036,RET,Retail
1037,RET,Retail
1038,RET,Retail
1039,RET,Retail
1040,RET,Retail
1041,MFG,Manufacturing
1042,MFG,Manufacturing
1043,MFG,Manufacturing
1044,MFG,Manufacturing
1045,MFG,Manufacturing
1046,MFG,Manufacturing
1047,MFG,Manufacturing
1048,MFG,Manufacturing
1049,MFG,Manufacturing
1050,MFG,Manufacturing
1051,MFG,Manufacturing
1052,MFG,Manufacturing
1053,MFG,Manufacturing
1054,MFG,Manufacturing
1055,MFG,Manufacturing
1056,MFG,Manufacturing
1057,MFG,Manufacturing
1058,MFG,Manufacturing
1059,MFG,Manufacturing
1060,MFG,Manufacturing
1061,MFG,Manufacturing
1062,MFG,Manufacturing
1063,MFG,Manufacturing
1064,MFG,Manufacturing
1065,MFG,Manufacturing
1066,MFG,Manufacturing
1067,MFG,Manufacturing
1068,MFG,Manufacturing
1069,MFG,Manufacturing
1070,MFG,Manufacturing
1071,MFG,Manufacturing
1072,MFG,Manufacturing
1073,MFG,Manufacturing
1074,MFG,Manufacturing
1075,MFG,Manufacturing
1076,MFG,Manufacturing
1077,MFG,Manufacturing
1078,MFG,Manufacturing
1079,MFG,Manufacturing
1080,MFG,Manufacturing
1081,MFG,Manufacturing
1082,MFG,Manufacturing
1083,MFG,Manufacturing
1084,MFG,Manufacturing
1085,MFG,Manufacturing
1086,MFG,Manufacturing
1087,MFG,Manufacturing
1088,MFG,Manufacturing
1089,MFG,Manufacturing
1090,MFG,Manufacturing
1091,MFG,Manufacturing
1092,MFG,Manufacturing
1093,MFG,Manufacturing
1094,MFG,Manufacturing
1095,MFG,Manufacturing
1096,MFG,Manufacturing
1097,MFG,Manufacturing
1098,MFG,Manufacturing
1099,MFG,Manufacturing
1100,MFG,Manufacturing
1101,MFG,Manufacturing
1102,MFG,Manufacturing
1103,MFG,Manufacturing
1104,MFG,Manufacturing
1105,MFG,Manufacturing
1106,MFG,Manufacturing
1107,MFG,Manufacturing
1108,MFG,Manufacturing
1109,MFG,Manufacturing
1110,MFG,Manufacturing
1111,MFG,Manufacturing
1112,MFG,Manufacturing
1113,MFG,Manufacturing
1114,MFG,Manufacturing
1115,MFG,Manufacturing
1116,MFG,Manufacturing
1117,MFG,Manufacturing
1118,MFG,Manufacturing
1119,MFG,Manufacturing
1120,MFG,Manufacturing
1121,CON,Consumer
1122,CON,Consumer
1123,CON,Consumer
1124,CON,Consumer
1125,CON,Consumer
1126,CON,Consumer
1127,CON,Consumer
1128,CON,Consumer
1129,CON,Consumer
1130,CON,Consumer
1131,CON,Consumer
1132,CON,Consumer
1133,CON,Consumer
1134,CON,Consumer
1135,CON,Consumer
1136,CON,Consumer
1137,CON,Consumer
1138,CON,Consumer
1139,CON,Consumer
1140,CON,Consumer
1141,CON,Consumer
1142,CON,Consumer
1143,CON,Consumer
1144,CON,Consumer
1145,CON,Consumer
1146,CON,Consumer
1147,CON,Consumer
1148,CON,Consumer
1149,CON,Consumer
1150,CON,Consumer
1151,CON,Consumer
1152,CON,Consumer
1153,CON,Consumer
1154,CON,Consumer
1155,CON,Consumer
1156,CON,Consumer
1157,CON,Consumer
1158,CON,Consumer
1159,CON,Consumer
1160,CON,Consumer
1161,CON,Consumer
1162,CON,Consumer
1163,CON,Consumer
1164,CON,Consumer
1165,CON,Consumer
1166,CON,Consumer
1167,CON,Consumer
1168,CON,Consumer
1169,CON,Consumer
1170,CON,Consumer
1171,CON,Consumer
1172,CON,Consumer
1173,CON,Consumer
1174,CON,Consumer
1175,CON,Consumer
1176,CON,Consumer
1177,CON,Consumer
1178,CON,Consumer
1179,CON,Consumer
1180,CON,Consumer
1181,CON,Consumer
1182,CON,Consumer
1183,CON,Consumer
1184,CON,Consumer
1185,CON,Consumer
1186,CON,Consumer
1187,CON,Consumer
1188,CON,Consumer
1189,CON,Consumer
1190,CON,Consumer
1191,CON,Consumer
1192,CON,Consumer
1193,CON,Consumer
1194,CON,Consumer
1195,CON,Consumer
1196,CON,Consumer
1197,CON,Consumer
1198,CON,Consumer
1199,CON,Consumer
1200,CON,Consumer
1201,HRC,Healthcare
1202,HRC,Healthcare
1203,HRC,Healthcare
1204,HRC,Healthcare
1205,HRC,Healthcare
1206,HRC,Healthcare
1207,HRC,Healthcare
1208,HRC,Healthcare
1209,HRC,Healthcare
1210,HRC,Healthcare
1211,HRC,Healthcare
1212,HRC,Healthcare
1213,HRC,Healthcare
1214,HRC,Healthcare
1215,HRC,Healthcare
1216,HRC,Healthcare
1217,HRC,Healthcare
1218,HRC,Healthcare
1219,HRC,Healthcare
1220,HRC,Healthcare
1221,HRC,Healthcare
1222,HRC,Healthcare
1223,HRC,Healthcare
1224,HRC,Healthcare
1225,HRC,Healthcare
1226,HRC,Healthcare
1227,HRC,Healthcare
1228,HRC,Healthcare
1229,HRC,Healthcare
1230,HRC,Healthcare
1231,HRC,Healthcare
1232,HRC,Healthcare
1233,HRC,Healthcare
1234,HRC,Healthcare
1235,HRC,Healthcare
1236,HRC,Healthcare
1237,HRC,Healthcare
1238,HRC,Healthcare
1239,HRC,Healthcare
1240,HRC,Healthcare
1241,HRC,Healthcare
1242,HRC,Healthcare
1243,HRC,Healthcare
1244,HRC,Healthcare
1245,HRC,Healthcare
1246,HRC,Healthcare
1247,HRC,Healthcare
1248,HRC,Healthcare
1249,HRC,Healthcare
1250,HRC,Healthcare
1251,HRC,Healthcare
1252,HRC,Healthcare
1253,HRC,Healthcare
1254,HRC,Healthcare
1255,HRC,Healthcare
1256,HRC,Healthcare
1257,HRC,Healthcare
1258,HRC,Healthcare
1259,HRC,Healthcare
1260,HRC,Healthcare
1261,HRC,Healthcare
1262,HRC,Healthcare
1263,HRC,Healthcare
1264,HRC,Healthcare
1265,HRC,Healthcare
1266,HRC,Healthcare
1267,HRC,Healthcare
1268,HRC,Healthcare
1269,HRC,Healthcare
1270,HRC,Healthcare
1271,HRC,Healthcare
1272,HRC,Healthcare
1273,HRC,Healthcare
1274,HRC,Healthcare
1275,HRC,Healthcare
1276,HRC,Healthcare
1277,HRC,Healthcare
1278,HRC,Healthcare
1279,HRC,Healthcare
1280,HRC,Healthcare
1281,CON,Consumer
1282,CON,Consumer
1283,CON,Consumer
1284,CON,Consumer
1285,CON,Consumer
1286,CON,Consumer
1287,CON,Consumer
1288,CON,Consumer
1289,CON,Consumer
1290,CON,Consumer
1291,CON,Consumer
1292,CON,Consumer
1293,CON,Consumer
1294,CON,Consumer
1295,CON,Consumer
1296,CON,Consumer
1297,CON,Consumer
1298,CON,Consumer
1299,CON,Consumer
1300,CON,Consumer
1301,CON,Consumer
1302,CON,Consumer
1303,CON,Consumer
1304,CON,Consumer
1305,CON,Consumer
1306,CON,Consumer
1307,CON,Consumer
1308,CON,Consumer
1309,CON,Consumer
1310,CON,Consumer
1311,CON,Consumer
1312,CON,Consumer
1313,CON,Consumer
1314,CON,Consumer
1315,CON,Consumer
1316,CON,Consumer
1317,CON,Consumer
1318,CON,Consumer
1319,CON,Consumer
1320,CON,Consumer
1321,RET,Retail
1322,RET,Retail
1323,RET,Retail
1324,RET,Retail
1325,RET,Retail
1326,RET,Retail
1327,RET,Retail
1328,RET,Retail
1329,RET,Retail
1330,RET,Retail
1331,RET,Retail
1332,RET,Retail
1333,RET,Retail
1334,RET,Retail
1335,RET,Retail
1336,RET,Retail
1337,RET,Retail
1338,RET,Retail
1339,RET,Retail
1340,RET,Retail
1341,RET,Retail
1342,RET,Retail
1343,RET,Retail
1344,RET,Retail
1345,RET,Retail
1346,RET,Retail
1347,RET,Retail
1348,RET,Retail
1349,RET,Retail
1350,RET,Retail
1351,RET,Retail
1352,RET,Retail
1353,RET,Retail
1354,RET,Retail
1355,RET,Retail
1356,RET,Retail
1357,RET,Retail
1358,RET,Retail
1359,RET,Retail
1360,RET,Retail
1361,RET,Retail
1362,RET,Retail
1363,RET,Retail
1364,RET,Retail
1365,RET,Retail
1366,RET,Retail
1367,RET,Retail
1368,RET,Retail
1369,RET,Retail
1370,RET,Retail
1371,RET,Retail
1372,RET,Retail
1373,RET,Retail
1374,RET,Retail
1375,RET,Retail
1376,RET,Retail
1377,RET,Retail
1378,RET,Retail
1379,RET,Retail
1380,RET,Retail
1381,RET,Retail
1382,RET,Retail
1383,RET,Retail
1384,RET,Retail
1385,RET,Retail
1386,RET,Retail
1387,RET,Retail
1388,RET,Retail
1389,RET,Retail
1390,RET,Retail
1391,RET,Retail
1392,RET,Retail
1393,RET,Retail
1394,RET,Retail
1395,RET,Retail
1396,RET,Retail
1397,RET,Retail
1398,RET,Retail
1399,RET,Retail
1400,RET,Retail
1401,RET,Retail
1402,RET,Retail
1403,RET,Retail
1404,RET,Retail
1405,RET,Retail
1406,RET,Retail
1407,RET,Retail
1408,RET,Retail
1409,RET,Retail
1410,RET,Retail
1411,RET,Retail
1412,RET,Retail
1413,RET,Retail
1414,RET,Retail
1415,RET,Retail
1416,RET,Retail
1417,RET,Retail
1418,RET,Retail
1419,RET,Retail
1420,RET,Retail
1421,RET,Retail
1422,RET,Retail
1423,RET,Retail
1424,RET,Retail
1425,RET,Retail
1426,RET,Retail
1427,RET,Retail
1428,RET,Retail
1429,RET,Retail
1430,RET,Retail
1431,RET,Retail
1432,RET,Retail
1433,RET,Retail
1434,RET,Retail
1435,RET,Retail
1436,RET,Retail
1437,RET,Retail
1438,RET,Retail
1439,RET,Retail
1440,RET,Retail
1441,MFG,Manufacturing
1442,MFG,Manufacturing
1443,MFG,Manufacturing
1444,MFG,Manufacturing
1445,MFG,Manufacturing
1446,MFG,Manufacturing
1447,MFG,Manufacturing
1448,MFG,Manufacturing
1449,MFG,Manufacturing
1450,MFG,Manufacturing
1451,MFG,Manufacturing
1452,MFG,Manufacturing
1453,MFG,Manufacturing
1454,MFG,Manufacturing
1455,MFG,Manufacturing
1456,MFG,Manufacturing
1457,MFG,Manufacturing
1458,MFG,Manufacturing
1459,MFG,Manufacturing
1460,MFG,Manufacturing
1461,MFG,Manufacturing
1462,MFG,Manufacturing
1463,MFG,Manufacturing
1464,MFG,Manufacturing
1465,MFG,Manufacturing
1466,MFG,Manufacturing
1467,MFG,Manufacturing
1468,MFG,Manufacturing
1469,MFG,Manufacturing
1470,MFG,Manufacturing
1471,MFG,Manufacturing
1472,MFG,Manufacturing
1473,MFG,Manufacturing
1474,MFG,Manufacturing
1475,MFG,Manufacturing
1476,MFG,Manufacturing
1477,MFG,Manufacturing
1478,MFG,Manufacturing
1479,MFG,Manufacturing
1480,MFG,Manufacturing
1481,MFG,Manufacturing
1482,MFG,Manufacturing
1483,MFG,Manufacturing
1484,MFG,Manufacturing
1485,MFG,Manufacturing
1486,MFG,Manufacturing
1487,MFG,Manufacturing
1488,MFG,Manufacturing
1489,MFG,Manufacturing
1490,MFG,Manufacturing
1491,MFG,Manufacturing
1492,MFG,Manufacturing
1493,MFG,Manufacturing
1494,MFG,Manufacturing
1495,MFG,Manufacturing
1496,MFG,Manufacturing
1497,MFG,Manufacturing
1498,MFG,Manufacturing
1499,MFG,Manufacturing
1500,MFG,Manufacturing
1501,MFG,Manufacturing
1502,MFG,Manufacturing
1503,MFG,Manufacturing
1504,MFG,Manufacturing
1505,MFG,Manufacturing
1506,MFG,Manufacturing
1507,MFG,Manufacturing
1508,MFG,Manufacturing
1509,MFG,Manufacturing
1510,MFG,Manufacturing
1511,MFG,Manufacturing
1512,MFG,Manufacturing
1513,MFG,Manufacturing
1514,MFG,Manufacturing
1515,MFG,Manufacturing
1516,MFG,Manufacturing
1517,MFG,Manufacturing
1518,MFG,Manufacturing
1519,MFG,Manufacturing
1520,MFG,Manufacturing
1521,CON,Consumer
1522,CON,Consumer
1523,CON,Consumer
1524,CON,Consumer
1525,CON,Consumer
1526,CON,Consumer
1527,CON,Consumer
1528,CON,Consumer
1529,CON,Consumer
1530,CON,Consumer
1531,CON,Consumer
1532,CON,Consumer
1533,CON,Consumer
1534,CON,Consumer
1535,CON,Consumer
1536,CON,Consumer
1537,CON,Consumer
1538,CON,Consumer
1539,CON,Consumer
1540,CON,Consumer
1541,CON,Consumer
1542,CON,Consumer
1543,CON,Consumer
1544,CON,Consumer
1545,CON,Consumer
1546,CON,Consumer
1547,CON,Consumer
1548,CON,Consumer
1549,CON,Consumer
1550,CON,Consumer
1551,CON,Consumer
1552,CON,Consumer
1553,CON,Consumer
1554,CON,Consumer
1555,CON,Consumer
1556,CON,Consumer
1557,CON,Consumer
1558,CON,Consumer
1559,CON,Consumer
1560,CON,Consumer
1561,CON,Consumer
1562,CON,Consumer
1563,CON,Consumer
1564,CON,Consumer
1565,CON,Consumer
1566,CON,Consumer
1567,CON,Consumer
1568,CON,Consumer
1569,CON,Consumer
1570,CON,Consumer
1571,CON,Consumer
1572,CON,Consumer
1573,CON,Consumer
1574,CON,Consumer
1575,CON,Consumer
1576,CON,Consumer
1577,CON,Consumer
1578,CON,Consumer
1579,CON,Consumer
1580,CON,Consumer
1581,CON,Consumer
1582,CON,Consumer
1583,CON,Consumer
1584,CON,Consumer
1585,CON,Consumer
1586,CON,Consumer
1587,CON,Consumer
1588,CON,Consumer
1589,CON,Consumer
1590,CON,Consumer
1591,CON,Consumer
1592,CON,Consumer
1593,CON,Consumer
1594,CON,Consumer
1595,CON,Consumer
1596,CON,Consumer
1597,CON,Consumer
1598,CON,Consumer
1599,CON,Consumer
1600,CON,Consumer
1601,HRC,Healthcare
1602,HRC,Healthcare
1603,HRC,Healthcare
1604,HRC,Healthcare
1605,HRC,Healthcare
1606,HRC,Healthcare
1607,HRC,Healthcare
1608,HRC,Healthcare
1609,HRC,Healthcare
1610,HRC,Healthcare
1611,HRC,Healthcare
1612,HRC,Healthcare
1613,HRC,Healthcare
1614,HRC,Healthcare
1615,HRC,Healthcare
1616,HRC,Healthcare
1617,HRC,Healthcare
1618,HRC,Healthcare
1619,HRC,Healthcare
1620,HRC,Healthcare
1621,HRC,Healthcare
1622,HRC,Healthcare
1623,HRC,Healthcare
1624,HRC,Healthcare
1625,HRC,Healthcare
1626,HRC,Healthcare
1627,HRC,Healthcare
1628,HRC,Healthcare
1629,HRC,Healthcare
1630,HRC,Healthcare
1631,HRC,Healthcare
1632,HRC,Healthcare
1633,HRC,Healthcare
1634,HRC,Healthcare
1635,HRC,Healthcare
1636,HRC,Healthcare
1637,HRC,Healthcare
1638,HRC,Healthcare
1639,HRC,Healthcare
1640,HRC,Healthcare
1641,HRC,Healthcare
1642,HRC,Healthcare
1643,HRC,Healthcare
1644,HRC,Healthcare
1645,HRC,Healthcare
1646,HRC,Healthcare
1647,HRC,Healthcare
1648,HRC,Healthcare
1649,HRC,Healthcare
1650,HRC,Healthcare
1651,HRC,Healthcare
1652,HRC,Healthcare
1653,HRC,Healthcare
1654,HRC,Healthcare
1655,HRC,Healthcare
1656,HRC,Healthcare
1657,HRC,Healthcare
1658,HRC,Healthcare
1659,HRC,Healthcare
1660,HRC,Healthcare
1661,HRC,Healthcare
1662,HRC,Healthcare
1663,HRC,Healthcare
1664,HRC,Healthcare
1665,HRC,Healthcare
1666,HRC,Healthcare
1667,HRC,Healthcare
1668,HRC,Healthcare
1669,HRC,Healthcare
1670,HRC,Healthcare
1671,HRC,Healthcare
1672,HRC,Healthcare
1673,HRC,Healthcare
1674,HRC,Healthcare
1675,HRC,Healthcare
1676,HRC,Healthcare
1677,HRC,Healthcare
1678,HRC,Healthcare
1679,HRC,Healthcare
1680,HRC,Healthcare
1681,CON,Consumer
1682,CON,Consumer
1683,CON,Consumer
1684,CON,Consumer
1685,CON,Consumer
1686,CON,Consumer
1687,CON,Consumer
1688,CON,Consumer
1689,CON,Consumer
1690,CON,Consumer
1691,CON,Consumer
1692,CON,Consumer
1693,CON,Consumer
1694,CON,Consumer
1695,CON,Consumer
1696,CON,Consumer
1697,CON,Consumer
1698,CON,Consumer
1699,CON,Consumer
1700,CON,Consumer
1701,CON,Consumer
1702,CON,Consumer
1703,CON,Consumer
1704,CON,Consumer
1705,CON,Consumer
1706,CON,Consumer
1707,CON,Consumer
1708,CON,Consumer
1709,CON,Consumer
1710,CON,Consumer
1711,CON,Consumer
1712,CON,Consumer
1713,CON,Consumer
1714,CON,Consumer
1715,CON,Consumer
1716,CON,Consumer
1717,CON,Consumer
1718,CON,Consumer
1719,CON,Consumer
1720,CON,Consumer
1721,RET,Retail
1722,RET,Retail
1723,RET,Retail
1724,RET,Retail
1725,RET,Retail
1726,RET,Retail
1727,RET,Retail
1728,RET,Retail
1729,RET,Retail
1730,RET,Retail
1731,RET,Retail
1732,RET,Retail
1733,RET,Retail
1734,RET,Retail
1735,RET,Retail
1736,RET,Retail
1737,RET,Retail
1738,RET,Retail
1739,RET,Retail
1740,RET,Retail
1741,RET,Retail
1742,RET,Retail
1743,RET,Retail
1744,RET,Retail
1745,RET,Retail
1746,RET,Retail
1747,RET,Retail
1748,RET,Retail
1749,RET,Retail
1750,RET,Retail
1751,RET,Retail
1752,RET,Retail
1753,RET,Retail
1754,RET,Retail
1755,RET,Retail
1756,RET,Retail
1757,RET,Retail
1758,RET,Retail
1759,RET,Retail
1760,RET,Retail
1761,RET,Retail
1762,RET,Retail
1763,RET,Retail
1764,RET,Retail
1765,RET,Retail
1766,RET,Retail
1767,RET,Retail
1768,RET,Retail
1769,RET,Retail
1770,RET,Retail
1771,RET,Retail
1772,RET,Retail
1773,RET,Retail
1774,RET,Retail
1775,RET,Retail
1776,RET,Retail
1777,RET,Retail
1778,RET,Retail
1779,RET,Retail
1780,RET,Retail
1781,RET,Retail
1782,RET,Retail
1783,RET,Retail
1784,RET,Retail
1785,RET,Retail
1786,RET,Retail
1787,RET,Retail
1788,RET,Retail
1789,RET,Retail
1790,RET,Retail
1791,RET,Retail
1792,RET,Retail
1793,RET,Retail
1794,RET,Retail
1795,RET,Retail
1796,RET,Retail
1797,RET,Retail
1798,RET,Retail
1799,RET,Retail
1800,RET,Retail
1801,RET,Retail
1802,RET,Retail
1803,RET,Retail
1804,RET,Retail
1805,RET,Retail
1806,RET,Retail
1807,RET,Retail
1808,RET,Retail
1809,RET,Retail
1810,RET,Retail
1811,RET,Retail
1812,RET,Retail
1813,RET,Retail
1814,RET,Retail
1815,RET,Retail
1816,RET,Retail
1817,RET,Retail
1818,RET,Retail
1819,RET,Retail
1820,RET,Retail
1821,RET,Retail
1822,RET,Retail
1823,RET,Retail
1824,RET,Retail
1825,RET,Retail
1826,RET,Retail
1827,RET,Retail
1828,RET,Retail
1829,RET,Retail
1830,RET,Retail
1831,RET,Retail
1832,RET,Retail
1833,RET,Retail
1834,RET,Retail
1835,RET,Retail
1836,RET,Retail
1837,RET,Retail
1838,RET,Retail
1839,RET,Retail
1840,RET,Retail
1841,MFG,Manufacturing
1842,MFG,Manufacturing
1843,MFG,Manufacturing
1844,MFG,Manufacturing
1845,MFG,Manufacturing
1846,MFG,Manufacturing
1847,MFG,Manufacturing
1848,MFG,Manufacturing
1849,MFG,Manufacturing
1850,MFG,Manufacturing
1851,MFG,Manufacturing
1852,MFG,Manufacturing
1853,MFG,Manufacturing
1854,MFG,Manufacturing
1855,MFG,Manufacturing
1856,MFG,Manufacturing
1857,MFG,Manufacturing
1858,MFG,Manufacturing
1859,MFG,Manufacturing
1860,MFG,Manufacturing
1861,MFG,Manufacturing
1862,MFG,Manufacturing
1863,MFG,Manufacturing
1864,MFG,Manufacturing
1865,MFG,Manufacturing
1866,MFG,Manufacturing
1867,MFG,Manufacturing
1868,MFG,Manufacturing
1869,MFG,Manufacturing
1870,MFG,Manufacturing
1871,MFG,Manufacturing
1872,MFG,Manufacturing
1873,MFG,Manufacturing
1874,MFG,Manufacturing
1875,MFG,Manufacturing
1876,MFG,Manufacturing
1877,MFG,Manufacturing
1878,MFG,Manufacturing
1879,MFG,Manufacturing
1880,MFG,Manufacturing
1881,MFG,Manufacturing
1882,MFG,Manufacturing
1883,MFG,Manufacturing
1884,MFG,Manufacturing
1885,MFG,Manufacturing
1886,MFG,Manufacturing
1887,MFG,Manufacturing
1888,MFG,Manufacturing
1889,MFG,Manufacturing
1890,MFG,Manufacturing
1891,MFG,Manufacturing
1892,MFG,Manufacturing
1893,MFG,Manufacturing
1894,MFG,Manufacturing
1895,MFG,Manufacturing
1896,MFG,Manufacturing
1897,MFG,Manufacturing
1898,MFG,Manufacturing
1899,MFG,Manufacturing
1900,MFG,Manufacturing
1901,MFG,Manufacturing
1902,MFG,Manufacturing
1903,MFG,Manufacturing
1904,MFG,Manufacturing
1905,MFG,Manufacturing
1906,MFG,Manufacturing
1907,MFG,Manufacturing
1908,MFG,Manufacturing
1909,MFG,Manufacturing
1910,MFG,Manufacturing
1911,MFG,Manufacturing
1912,MFG,Manufacturing
1913,MFG,Manufacturing
1914,MFG,Manufacturing
1915,MFG,Manufacturing
1916,MFG,Manufacturing
1917,MFG,Manufacturing
1918,MFG,Manufacturing
1919,MFG,Manufacturing
1920,MFG,Manufacturing
1921,CON,Consumer
1922,CON,Consumer
1923,CON,Consumer
1924,CON,Consumer
1925,CON,Consumer
1926,CON,Consumer
1927,CON,Consumer
1928,CON,Consumer
1929,CON,Consumer
1930,CON,Consumer
1931,CON,Consumer
1932,CON,Consumer
1933,CON,Consumer
1934,CON,Consumer
1935,CON,Consumer
1936,CON,Consumer
1937,CON,Consumer
1938,CON,Consumer
1939,CON,Consumer
1940,CON,Consumer
1941,CON,Consumer
1942,CON,Consumer
1943,CON,Consumer
1944,CON,Consumer
1945,CON,Consumer
1946,CON,Consumer
1947,CON,Consumer
1948,CON,Consumer
1949,CON,Consumer
1950,CON,Consumer
1951,CON,Consumer
1952,CON,Consumer
1953,CON,Consumer
1954,CON,Consumer
1955,CON,Consumer
1956,CON,Consumer
1957,CON,Consumer
1958,CON,Consumer
1959,CON,Consumer
1960,CON,Consumer
1961,CON,Consumer
1962,CON,Consumer
1963,CON,Consumer
1964,CON,Consumer
1965,CON,Consumer
1966,CON,Consumer
1967,CON,Consumer
1968,CON,Consumer
1969,CON,Consumer
1970,CON,Consumer
1971,CON,Consumer
1972,CON,Consumer
1973,CON,Consumer
1974,CON,Consumer
1975,CON,Consumer
1976,CON,Consumer
1977,CON,Consumer
1978,CON,Consumer
1979,CON,Consumer
1980,CON,Consumer
1981,CON,Consumer
1982,CON,Consumer
1983,CON,Consumer
1984,CON,Consumer
1985,CON,Consumer
1986,CON,Consumer
1987,CON,Consumer
1988,CON,Consumer
1989,CON,Consumer
1990,CON,Consumer
1991,CON,Consumer
1992,CON,Consumer
1993,CON,Consumer
1994,CON,Consumer
1995,CON,Consumer
1996,CON,Consumer
1997,CON,Consumer
1998,CON,Consumer
1999,CON,Consumer
2000,CON,Consumer
