txn_id,product_id,warehouse_id,txn_date,txn_type,qty_in,qty_out,unit_cost
1,1,1,2025-01-01,IN,30.00,0.00,19.24
2,1,1,2025-01-03,OUT,0.00,77.00,19.39
3,1,1,2025-01-07,IN,60.00,0.00,18.91
4,1,1,2025-01-09,OUT,0.00,72.00,19.48
5,1,1,2025-01-13,IN,180.00,0.00,18.90
6,1,1,2025-01-15,OUT,0.00,95.00,19.16
7,1,1,2025-01-19,IN,123.00,0.00,18.48
8,1,1,2025-01-21,OUT,0.00,33.00,18.69
9,1,1,2025-01-25,IN,108.00,0.00,19.47
10,1,1,2025-01-27,OUT,0.00,37.00,19.48
11,1,1,2025-01-31,IN,67.00,0.00,18.99
12,1,1,2025-02-02,OUT,0.00,83.00,18.93
13,1,1,2025-02-06,IN,44.00,0.00,18.32
14,1,1,2025-02-08,OUT,0.00,120.00,18.80
15,1,1,2025-02-12,IN,22.00,0.00,18.16
16,1,1,2025-02-14,OUT,0.00,14.00,18.21
17,1,1,2025-02-18,IN,104.00,0.00,18.83
18,1,1,2025-02-20,OUT,0.00,12.00,18.65
19,1,1,2025-02-24,IN,81.00,0.00,18.71
20,1,1,2025-02-26,OUT,0.00,123.00,18.95
21,1,1,2025-03-02,IN,104.00,0.00,19.26
22,1,1,2025-03-04,OUT,0.00,76.00,19.06
23,1,1,2025-03-08,IN,163.00,0.00,18.68
24,1,1,2025-03-10,OUT,0.00,80.00,18.69
25,1,1,2025-03-14,IN,179.00,0.00,18.17
26,1,1,2025-03-16,OUT,0.00,94.00,19.59
27,1,1,2025-03-20,IN,127.00,0.00,18.83
28,1,1,2025-03-22,OUT,0.00,80.00,19.02
29,1,1,2025-03-26,IN,156.00,0.00,19.11
30,1,1,2025-03-28,OUT,0.00,58.00,18.58
31,1,1,2025-04-01,IN,176.00,0.00,18.70
32,1,1,2025-04-03,OUT,0.00,124.00,18.94
33,1,1,2025-04-07,IN,110.00,0.00,18.48
34,1,1,2025-04-09,OUT,0.00,41.00,19.05
35,1,1,2025-04-13,IN,135.00,0.00,19.27
36,1,1,2025-04-15,OUT,0.00,12.00,18.86
37,1,1,2025-04-19,IN,65.00,0.00,18.71
38,1,1,2025-04-21,OUT,0.00,127.00,18.66
39,1,1,2025-04-25,IN,36.00,0.00,18.67
40,1,1,2025-04-27,OUT,0.00,66.00,18.58
41,2,1,2025-01-01,IN,61.00,0.00,13.11
42,2,1,2025-01-03,OUT,0.00,107.00,12.38
43,2,1,2025-01-07,IN,126.00,0.00,12.89
44,2,1,2025-01-09,OUT,0.00,35.00,12.77
45,2,1,2025-01-13,IN,137.00,0.00,12.67
46,2,1,2025-01-15,OUT,0.00,101.00,12.52
47,2,1,2025-01-19,IN,153.00,0.00,13.13
48,2,1,2025-01-21,OUT,0.00,56.00,12.80
49,2,1,2025-01-25,IN,84.00,0.00,12.79
50,2,1,2025-01-27,OUT,0.00,116.00,12.45
51,2,1,2025-01-31,IN,174.00,0.00,12.44
52,2,1,2025-02-02,OUT,0.00,34.00,12.50
53,2,1,2025-02-06,IN,133.00,0.00,13.04
54,2,1,2025-02-08,OUT,0.00,85.00,12.93
55,2,1,2025-02-12,IN,33.00,0.00,12.68
56,2,1,2025-02-14,OUT,0.00,107.00,12.51
57,2,1,2025-02-18,IN,168.00,0.00,12.50
58,2,1,2025-02-20,OUT,0.00,77.00,12.30
59,2,1,2025-02-24,IN,77.00,0.00,13.13
60,2,1,2025-02-26,OUT,0.00,102.00,12.84
61,2,1,2025-03-02,IN,89.00,0.00,12.69
62,2,1,2025-03-04,OUT,0.00,23.00,12.47
63,2,1,2025-03-08,IN,163.00,0.00,13.03
64,2,1,2025-03-10,OUT,0.00,115.00,12.31
65,2,1,2025-03-14,IN,136.00,0.00,12.15
66,2,1,2025-03-16,OUT,0.00,69.00,12.87
67,2,1,2025-03-20,IN,35.00,0.00,12.94
68,2,1,2025-03-22,OUT,0.00,133.00,13.08
69,2,1,2025-03-26,IN,136.00,0.00,13.09
70,2,1,2025-03-28,OUT,0.00,113.00,12.22
71,2,1,2025-04-01,IN,53.00,0.00,13.10
72,2,1,2025-04-03,OUT,0.00,114.00,13.09
73,2,1,2025-04-07,IN,96.00,0.00,12.50
74,2,1,2025-04-09,OUT,0.00,67.00,13.10
75,2,1,2025-04-13,IN,52.00,0.00,12.19
76,2,1,2025-04-15,OUT,0.00,41.00,12.44
77,2,1,2025-04-19,IN,178.00,0.00,12.56
78,2,1,2025-04-21,OUT,0.00,14.00,13.13
79,2,1,2025-04-25,IN,167.00,0.00,12.31
80,2,1,2025-04-27,OUT,0.00,88.00,12.70
81,3,1,2025-01-01,IN,170.00,0.00,22.43
82,3,1,2025-01-03,OUT,0.00,122.00,23.43
83,3,1,2025-01-07,IN,68.00,0.00,23.22
84,3,1,2025-01-09,OUT,0.00,27.00,23.42
85,3,1,2025-01-13,IN,28.00,0.00,22.01
86,3,1,2025-01-15,OUT,0.00,56.00,22.89
87,3,1,2025-01-19,IN,117.00,0.00,23.35
88,3,1,2025-01-21,OUT,0.00,17.00,22.21
89,3,1,2025-01-25,IN,122.00,0.00,23.19
90,3,1,2025-01-27,OUT,0.00,134.00,21.89
91,3,1,2025-01-31,IN,171.00,0.00,23.21
92,3,1,2025-02-02,OUT,0.00,119.00,22.04
93,3,1,2025-02-06,IN,62.00,0.00,23.33
94,3,1,2025-02-08,OUT,0.00,44.00,22.31
95,3,1,2025-02-12,IN,63.00,0.00,22.88
96,3,1,2025-02-14,OUT,0.00,35.00,22.07
97,3,1,2025-02-18,IN,120.00,0.00,22.66
98,3,1,2025-02-20,OUT,0.00,137.00,22.03
99,3,1,2025-02-24,IN,123.00,0.00,23.12
100,3,1,2025-02-26,OUT,0.00,11.00,22.96
101,3,1,2025-03-02,IN,143.00,0.00,23.14
102,3,1,2025-03-04,OUT,0.00,54.00,22.42
103,3,1,2025-03-08,IN,147.00,0.00,22.31
104,3,1,2025-03-10,OUT,0.00,79.00,22.61
105,3,1,2025-03-14,IN,59.00,0.00,21.83
106,3,1,2025-03-16,OUT,0.00,68.00,22.69
107,3,1,2025-03-20,IN,115.00,0.00,23.22
108,3,1,2025-03-22,OUT,0.00,123.00,21.83
109,3,1,2025-03-26,IN,116.00,0.00,23.19
110,3,1,2025-03-28,OUT,0.00,32.00,21.71
111,3,1,2025-04-01,IN,126.00,0.00,21.85
112,3,1,2025-04-03,OUT,0.00,50.00,21.79
113,3,1,2025-04-07,IN,179.00,0.00,22.66
114,3,1,2025-04-09,OUT,0.00,70.00,22.91
115,3,1,2025-04-13,IN,41.00,0.00,22.29
116,3,1,2025-04-15,OUT,0.00,16.00,22.09
117,3,1,2025-04-19,IN,90.00,0.00,22.59
118,3,1,2025-04-21,OUT,0.00,38.00,22.70
119,3,1,2025-04-25,IN,145.00,0.00,21.82
120,3,1,2025-04-27,OUT,0.00,84.00,22.72
121,4,1,2025-01-01,IN,37.00,0.00,26.68
122,4,1,2025-01-03,OUT,0.00,122.00,28.31
123,4,1,2025-01-07,IN,21.00,0.00,26.51
124,4,1,2025-01-09,OUT,0.00,11.00,26.36
125,4,1,2025-01-13,IN,115.00,0.00,27.25
126,4,1,2025-01-15,OUT,0.00,140.00,27.89
127,4,1,2025-01-19,IN,75.00,0.00,27.02
128,4,1,2025-01-21,OUT,0.00,31.00,26.59
129,4,1,2025-01-25,IN,89.00,0.00,27.82
130,4,1,2025-01-27,OUT,0.00,10.00,28.31
131,4,1,2025-01-31,IN,119.00,0.00,26.60
132,4,1,2025-02-02,OUT,0.00,65.00,28.30
133,4,1,2025-02-06,IN,64.00,0.00,26.54
134,4,1,2025-02-08,OUT,0.00,132.00,27.25
135,4,1,2025-02-12,IN,153.00,0.00,28.30
136,4,1,2025-02-14,OUT,0.00,34.00,28.35
137,4,1,2025-02-18,IN,95.00,0.00,27.89
138,4,1,2025-02-20,OUT,0.00,122.00,26.36
139,4,1,2025-02-24,IN,131.00,0.00,27.95
140,4,1,2025-02-26,OUT,0.00,51.00,27.08
141,4,1,2025-03-02,IN,86.00,0.00,28.40
142,4,1,2025-03-04,OUT,0.00,108.00,27.33
143,4,1,2025-03-08,IN,46.00,0.00,28.26
144,4,1,2025-03-10,OUT,0.00,70.00,27.53
145,4,1,2025-03-14,IN,127.00,0.00,28.05
146,4,1,2025-03-16,OUT,0.00,124.00,27.35
147,4,1,2025-03-20,IN,75.00,0.00,27.75
148,4,1,2025-03-22,OUT,0.00,137.00,27.93
149,4,1,2025-03-26,IN,29.00,0.00,26.67
150,4,1,2025-03-28,OUT,0.00,46.00,27.73
151,4,1,2025-04-01,IN,108.00,0.00,27.24
152,4,1,2025-04-03,OUT,0.00,57.00,27.38
153,4,1,2025-04-07,IN,70.00,0.00,26.49
154,4,1,2025-04-09,OUT,0.00,51.00,28.20
155,4,1,2025-04-13,IN,27.00,0.00,26.36
156,4,1,2025-04-15,OUT,0.00,85.00,27.96
157,4,1,2025-04-19,IN,136.00,0.00,27.69
158,4,1,2025-04-21,OUT,0.00,124.00,26.94
159,4,1,2025-04-25,IN,138.00,0.00,27.10
160,4,1,2025-04-27,OUT,0.00,65.00,26.53
161,5,1,2025-01-01,IN,140.00,0.00,15.90
162,5,1,2025-01-03,OUT,0.00,11.00,15.87
163,5,1,2025-01-07,IN,96.00,0.00,16.19
164,5,1,2025-01-09,OUT,0.00,130.00,15.60
165,5,1,2025-01-13,IN,125.00,0.00,15.71
166,5,1,2025-01-15,OUT,0.00,19.00,15.53
167,5,1,2025-01-19,IN,87.00,0.00,15.58
168,5,1,2025-01-21,OUT,0.00,57.00,15.33
169,5,1,2025-01-25,IN,138.00,0.00,15.40
170,5,1,2025-01-27,OUT,0.00,45.00,15.98
171,5,1,2025-01-31,IN,128.00,0.00,15.12
172,5,1,2025-02-02,OUT,0.00,73.00,15.55
173,5,1,2025-02-06,IN,137.00,0.00,16.06
174,5,1,2025-02-08,OUT,0.00,108.00,16.06
175,5,1,2025-02-12,IN,104.00,0.00,15.57
176,5,1,2025-02-14,OUT,0.00,132.00,15.93
177,5,1,2025-02-18,IN,89.00,0.00,15.80
178,5,1,2025-02-20,OUT,0.00,137.00,16.03
179,5,1,2025-02-24,IN,69.00,0.00,15.08
180,5,1,2025-02-26,OUT,0.00,31.00,15.17
181,5,1,2025-03-02,IN,129.00,0.00,15.46
182,5,1,2025-03-04,OUT,0.00,58.00,15.35
183,5,1,2025-03-08,IN,90.00,0.00,15.98
184,5,1,2025-03-10,OUT,0.00,18.00,15.51
185,5,1,2025-03-14,IN,83.00,0.00,15.31
186,5,1,2025-03-16,OUT,0.00,41.00,15.44
187,5,1,2025-03-20,IN,102.00,0.00,15.35
188,5,1,2025-03-22,OUT,0.00,45.00,15.57
189,5,1,2025-03-26,IN,166.00,0.00,15.08
190,5,1,2025-03-28,OUT,0.00,106.00,15.94
191,5,1,2025-04-01,IN,85.00,0.00,16.10
192,5,1,2025-04-03,OUT,0.00,47.00,15.83
193,5,1,2025-04-07,IN,74.00,0.00,15.11
194,5,1,2025-04-09,OUT,0.00,117.00,15.45
195,5,1,2025-04-13,IN,112.00,0.00,15.21
196,5,1,2025-04-15,OUT,0.00,99.00,15.14
197,5,1,2025-04-19,IN,106.00,0.00,15.23
198,5,1,2025-04-21,OUT,0.00,123.00,16.02
199,5,1,2025-04-25,IN,145.00,0.00,16.21
200,5,1,2025-04-27,OUT,0.00,63.00,15.88
201,6,1,2025-01-01,IN,49.00,0.00,10.78
202,6,1,2025-01-03,OUT,0.00,123.00,10.75
203,6,1,2025-01-07,IN,138.00,0.00,10.57
204,6,1,2025-01-09,OUT,0.00,120.00,10.81
205,6,1,2025-01-13,IN,156.00,0.00,11.32
206,6,1,2025-01-15,OUT,0.00,69.00,10.82
207,6,1,2025-01-19,IN,179.00,0.00,11.23
208,6,1,2025-01-21,OUT,0.00,133.00,11.22
209,6,1,2025-01-25,IN,31.00,0.00,10.73
210,6,1,2025-01-27,OUT,0.00,125.00,10.95
211,6,1,2025-01-31,IN,30.00,0.00,10.78
212,6,1,2025-02-02,OUT,0.00,66.00,11.18
213,6,1,2025-02-06,IN,68.00,0.00,10.57
214,6,1,2025-02-08,OUT,0.00,68.00,10.97
215,6,1,2025-02-12,IN,124.00,0.00,11.09
216,6,1,2025-02-14,OUT,0.00,122.00,10.79
217,6,1,2025-02-18,IN,119.00,0.00,11.26
218,6,1,2025-02-20,OUT,0.00,26.00,11.09
219,6,1,2025-02-24,IN,56.00,0.00,11.18
220,6,1,2025-02-26,OUT,0.00,66.00,10.95
221,6,1,2025-03-02,IN,28.00,0.00,11.24
222,6,1,2025-03-04,OUT,0.00,65.00,10.52
223,6,1,2025-03-08,IN,58.00,0.00,10.55
224,6,1,2025-03-10,OUT,0.00,112.00,10.52
225,6,1,2025-03-14,IN,48.00,0.00,10.76
226,6,1,2025-03-16,OUT,0.00,83.00,11.10
227,6,1,2025-03-20,IN,108.00,0.00,11.07
228,6,1,2025-03-22,OUT,0.00,12.00,10.76
229,6,1,2025-03-26,IN,41.00,0.00,11.15
230,6,1,2025-03-28,OUT,0.00,33.00,10.98
231,6,1,2025-04-01,IN,33.00,0.00,11.02
232,6,1,2025-04-03,OUT,0.00,61.00,10.49
233,6,1,2025-04-07,IN,137.00,0.00,11.20
234,6,1,2025-04-09,OUT,0.00,40.00,10.96
235,6,1,2025-04-13,IN,152.00,0.00,10.75
236,6,1,2025-04-15,OUT,0.00,77.00,10.90
237,6,1,2025-04-19,IN,39.00,0.00,11.15
238,6,1,2025-04-21,OUT,0.00,74.00,11.21
239,6,1,2025-04-25,IN,45.00,0.00,10.65
240,6,1,2025-04-27,OUT,0.00,110.00,11.00
241,7,1,2025-01-01,IN,65.00,0.00,74.53
242,7,1,2025-01-03,OUT,0.00,57.00,74.99
243,7,1,2025-01-07,IN,132.00,0.00,74.27
244,7,1,2025-01-09,OUT,0.00,79.00,75.59
245,7,1,2025-01-13,IN,76.00,0.00,73.93
246,7,1,2025-01-15,OUT,0.00,92.00,74.14
247,7,1,2025-01-19,IN,43.00,0.00,78.00
248,7,1,2025-01-21,OUT,0.00,109.00,75.59
249,7,1,2025-01-25,IN,93.00,0.00,74.85
250,7,1,2025-01-27,OUT,0.00,138.00,75.88
251,7,1,2025-01-31,IN,132.00,0.00,77.86
252,7,1,2025-02-02,OUT,0.00,43.00,78.82
253,7,1,2025-02-06,IN,83.00,0.00,75.10
254,7,1,2025-02-08,OUT,0.00,38.00,74.03
255,7,1,2025-02-12,IN,109.00,0.00,77.92
256,7,1,2025-02-14,OUT,0.00,116.00,76.92
257,7,1,2025-02-18,IN,129.00,0.00,75.85
258,7,1,2025-02-20,OUT,0.00,60.00,76.02
259,7,1,2025-02-24,IN,152.00,0.00,77.81
260,7,1,2025-02-26,OUT,0.00,78.00,79.10
261,7,1,2025-03-02,IN,35.00,0.00,73.79
262,7,1,2025-03-04,OUT,0.00,12.00,74.04
263,7,1,2025-03-08,IN,151.00,0.00,76.21
264,7,1,2025-03-10,OUT,0.00,97.00,78.27
265,7,1,2025-03-14,IN,105.00,0.00,74.72
266,7,1,2025-03-16,OUT,0.00,76.00,77.97
267,7,1,2025-03-20,IN,81.00,0.00,79.27
268,7,1,2025-03-22,OUT,0.00,29.00,74.54
269,7,1,2025-03-26,IN,118.00,0.00,78.41
270,7,1,2025-03-28,OUT,0.00,76.00,76.94
271,7,1,2025-04-01,IN,152.00,0.00,77.03
272,7,1,2025-04-03,OUT,0.00,135.00,74.60
273,7,1,2025-04-07,IN,111.00,0.00,77.80
274,7,1,2025-04-09,OUT,0.00,93.00,78.12
275,7,1,2025-04-13,IN,87.00,0.00,74.13
276,7,1,2025-04-15,OUT,0.00,16.00,79.03
277,7,1,2025-04-19,IN,106.00,0.00,77.31
278,7,1,2025-04-21,OUT,0.00,127.00,74.07
279,7,1,2025-04-25,IN,121.00,0.00,75.30
280,7,1,2025-04-27,OUT,0.00,118.00,75.72
281,8,1,2025-01-01,IN,168.00,0.00,68.52
282,8,1,2025-01-03,OUT,0.00,111.00,70.64
283,8,1,2025-01-07,IN,44.00,0.00,67.66
284,8,1,2025-01-09,OUT,0.00,23.00,69.16
285,8,1,2025-01-13,IN,69.00,0.00,67.26
286,8,1,2025-01-15,OUT,0.00,32.00,67.92
287,8,1,2025-01-19,IN,160.00,0.00,71.77
288,8,1,2025-01-21,OUT,0.00,52.00,69.92
289,8,1,2025-01-25,IN,150.00,0.00,69.06
290,8,1,2025-01-27,OUT,0.00,21.00,71.74
291,8,1,2025-01-31,IN,79.00,0.00,69.40
292,8,1,2025-02-02,OUT,0.00,64.00,69.49
293,8,1,2025-02-06,IN,133.00,0.00,72.46
294,8,1,2025-02-08,OUT,0.00,114.00,71.06
295,8,1,2025-02-12,IN,54.00,0.00,70.76
296,8,1,2025-02-14,OUT,0.00,102.00,72.08
297,8,1,2025-02-18,IN,82.00,0.00,70.62
298,8,1,2025-02-20,OUT,0.00,91.00,67.85
299,8,1,2025-02-24,IN,129.00,0.00,71.78
300,8,1,2025-02-26,OUT,0.00,15.00,70.96
301,8,1,2025-03-02,IN,99.00,0.00,70.67
302,8,1,2025-03-04,OUT,0.00,123.00,71.69
303,8,1,2025-03-08,IN,99.00,0.00,69.14
304,8,1,2025-03-10,OUT,0.00,84.00,68.91
305,8,1,2025-03-14,IN,89.00,0.00,71.47
306,8,1,2025-03-16,OUT,0.00,121.00,69.37
307,8,1,2025-03-20,IN,54.00,0.00,69.81
308,8,1,2025-03-22,OUT,0.00,53.00,68.10
309,8,1,2025-03-26,IN,55.00,0.00,69.14
310,8,1,2025-03-28,OUT,0.00,116.00,67.93
311,8,1,2025-04-01,IN,178.00,0.00,70.68
312,8,1,2025-04-03,OUT,0.00,128.00,68.59
313,8,1,2025-04-07,IN,47.00,0.00,69.66
314,8,1,2025-04-09,OUT,0.00,80.00,67.14
315,8,1,2025-04-13,IN,154.00,0.00,71.60
316,8,1,2025-04-15,OUT,0.00,34.00,70.09
317,8,1,2025-04-19,IN,177.00,0.00,70.27
318,8,1,2025-04-21,OUT,0.00,109.00,72.14
319,8,1,2025-04-25,IN,38.00,0.00,71.61
320,8,1,2025-04-27,OUT,0.00,12.00,69.62
321,9,1,2025-01-01,IN,125.00,0.00,15.10
322,9,1,2025-01-03,OUT,0.00,113.00,15.68
323,9,1,2025-01-07,IN,148.00,0.00,15.35
324,9,1,2025-01-09,OUT,0.00,10.00,15.54
325,9,1,2025-01-13,IN,134.00,0.00,14.91
326,9,1,2025-01-15,OUT,0.00,97.00,15.74
327,9,1,2025-01-19,IN,100.00,0.00,14.98
328,9,1,2025-01-21,OUT,0.00,140.00,14.97
329,9,1,2025-01-25,IN,73.00,0.00,14.83
330,9,1,2025-01-27,OUT,0.00,108.00,15.14
331,9,1,2025-01-31,IN,55.00,0.00,15.19
332,9,1,2025-02-02,OUT,0.00,117.00,14.66
333,9,1,2025-02-06,IN,171.00,0.00,15.62
334,9,1,2025-02-08,OUT,0.00,17.00,15.11
335,9,1,2025-02-12,IN,36.00,0.00,15.70
336,9,1,2025-02-14,OUT,0.00,18.00,15.79
337,9,1,2025-02-18,IN,74.00,0.00,15.23
338,9,1,2025-02-20,OUT,0.00,66.00,15.76
339,9,1,2025-02-24,IN,111.00,0.00,15.31
340,9,1,2025-02-26,OUT,0.00,81.00,14.64
341,9,1,2025-03-02,IN,31.00,0.00,15.38
342,9,1,2025-03-04,OUT,0.00,12.00,14.88
343,9,1,2025-03-08,IN,74.00,0.00,15.26
344,9,1,2025-03-10,OUT,0.00,82.00,15.28
345,9,1,2025-03-14,IN,145.00,0.00,15.74
346,9,1,2025-03-16,OUT,0.00,15.00,15.43
347,9,1,2025-03-20,IN,79.00,0.00,14.70
348,9,1,2025-03-22,OUT,0.00,25.00,15.08
349,9,1,2025-03-26,IN,33.00,0.00,15.58
350,9,1,2025-03-28,OUT,0.00,110.00,14.84
351,9,1,2025-04-01,IN,180.00,0.00,14.67
352,9,1,2025-04-03,OUT,0.00,138.00,14.75
353,9,1,2025-04-07,IN,87.00,0.00,15.52
354,9,1,2025-04-09,OUT,0.00,102.00,15.78
355,9,1,2025-04-13,IN,64.00,0.00,14.65
356,9,1,2025-04-15,OUT,0.00,74.00,15.45
357,9,1,2025-04-19,IN,101.00,0.00,15.63
358,9,1,2025-04-21,OUT,0.00,110.00,14.73
359,9,1,2025-04-25,IN,32.00,0.00,14.94
360,9,1,2025-04-27,OUT,0.00,10.00,15.44
361,10,1,2025-01-01,IN,124.00,0.00,12.12
362,10,1,2025-01-03,OUT,0.00,17.00,11.71
363,10,1,2025-01-07,IN,167.00,0.00,11.65
364,10,1,2025-01-09,OUT,0.00,44.00,12.12
365,10,1,2025-01-13,IN,66.00,0.00,12.30
366,10,1,2025-01-15,OUT,0.00,128.00,12.16
367,10,1,2025-01-19,IN,24.00,0.00,11.88
368,10,1,2025-01-21,OUT,0.00,111.00,12.27
369,10,1,2025-01-25,IN,118.00,0.00,12.04
370,10,1,2025-01-27,OUT,0.00,100.00,11.97
371,10,1,2025-01-31,IN,57.00,0.00,12.46
372,10,1,2025-02-02,OUT,0.00,67.00,11.97
373,10,1,2025-02-06,IN,125.00,0.00,12.06
374,10,1,2025-02-08,OUT,0.00,29.00,11.97
375,10,1,2025-02-12,IN,129.00,0.00,11.71
376,10,1,2025-02-14,OUT,0.00,31.00,11.99
377,10,1,2025-02-18,IN,79.00,0.00,11.71
378,10,1,2025-02-20,OUT,0.00,16.00,11.82
379,10,1,2025-02-24,IN,143.00,0.00,11.92
380,10,1,2025-02-26,OUT,0.00,128.00,11.95
381,10,1,2025-03-02,IN,40.00,0.00,12.24
382,10,1,2025-03-04,OUT,0.00,128.00,12.15
383,10,1,2025-03-08,IN,41.00,0.00,11.94
384,10,1,2025-03-10,OUT,0.00,86.00,12.11
385,10,1,2025-03-14,IN,140.00,0.00,11.74
386,10,1,2025-03-16,OUT,0.00,86.00,12.38
387,10,1,2025-03-20,IN,157.00,0.00,12.41
388,10,1,2025-03-22,OUT,0.00,45.00,12.27
389,10,1,2025-03-26,IN,104.00,0.00,12.40
390,10,1,2025-03-28,OUT,0.00,120.00,11.73
391,10,1,2025-04-01,IN,70.00,0.00,11.89
392,10,1,2025-04-03,OUT,0.00,133.00,12.32
393,10,1,2025-04-07,IN,91.00,0.00,11.79
394,10,1,2025-04-09,OUT,0.00,15.00,12.49
395,10,1,2025-04-13,IN,60.00,0.00,12.13
396,10,1,2025-04-15,OUT,0.00,53.00,11.89
397,10,1,2025-04-19,IN,177.00,0.00,12.26
398,10,1,2025-04-21,OUT,0.00,93.00,11.97
399,10,1,2025-04-25,IN,115.00,0.00,12.16
400,10,1,2025-04-27,OUT,0.00,19.00,11.78
401,1,2,2025-01-01,IN,104.00,0.00,18.64
402,1,2,2025-01-03,OUT,0.00,114.00,18.84
403,1,2,2025-01-07,IN,127.00,0.00,18.46
404,1,2,2025-01-09,OUT,0.00,85.00,18.80
405,1,2,2025-01-13,IN,110.00,0.00,18.16
406,1,2,2025-01-15,OUT,0.00,84.00,19.31
407,1,2,2025-01-19,IN,108.00,0.00,18.91
408,1,2,2025-01-21,OUT,0.00,18.00,18.77
409,1,2,2025-01-25,IN,166.00,0.00,19.51
410,1,2,2025-01-27,OUT,0.00,27.00,19.25
411,1,2,2025-01-31,IN,90.00,0.00,19.29
412,1,2,2025-02-02,OUT,0.00,113.00,19.59
413,1,2,2025-02-06,IN,20.00,0.00,18.45
414,1,2,2025-02-08,OUT,0.00,128.00,18.67
415,1,2,2025-02-12,IN,87.00,0.00,19.51
416,1,2,2025-02-14,OUT,0.00,124.00,18.38
417,1,2,2025-02-18,IN,54.00,0.00,19.33
418,1,2,2025-02-20,OUT,0.00,17.00,18.34
419,1,2,2025-02-24,IN,31.00,0.00,19.44
420,1,2,2025-02-26,OUT,0.00,18.00,18.95
421,1,2,2025-03-02,IN,92.00,0.00,18.49
422,1,2,2025-03-04,OUT,0.00,37.00,18.42
423,1,2,2025-03-08,IN,23.00,0.00,19.30
424,1,2,2025-03-10,OUT,0.00,108.00,19.43
425,1,2,2025-03-14,IN,83.00,0.00,19.30
426,1,2,2025-03-16,OUT,0.00,110.00,19.13
427,1,2,2025-03-20,IN,121.00,0.00,19.49
428,1,2,2025-03-22,OUT,0.00,56.00,18.44
429,1,2,2025-03-26,IN,110.00,0.00,19.33
430,1,2,2025-03-28,OUT,0.00,33.00,18.64
431,1,2,2025-04-01,IN,158.00,0.00,18.96
432,1,2,2025-04-03,OUT,0.00,119.00,19.60
433,1,2,2025-04-07,IN,135.00,0.00,19.32
434,1,2,2025-04-09,OUT,0.00,103.00,19.20
435,1,2,2025-04-13,IN,172.00,0.00,19.08
436,1,2,2025-04-15,OUT,0.00,33.00,18.30
437,1,2,2025-04-19,IN,85.00,0.00,18.54
438,1,2,2025-04-21,OUT,0.00,43.00,19.49
439,1,2,2025-04-25,IN,161.00,0.00,19.41
440,1,2,2025-04-27,OUT,0.00,33.00,19.12
441,2,2,2025-01-01,IN,111.00,0.00,12.59
442,2,2,2025-01-03,OUT,0.00,90.00,12.69
443,2,2,2025-01-07,IN,85.00,0.00,12.32
444,2,2,2025-01-09,OUT,0.00,112.00,12.24
445,2,2,2025-01-13,IN,85.00,0.00,12.18
446,2,2,2025-01-15,OUT,0.00,75.00,12.41
447,2,2,2025-01-19,IN,47.00,0.00,13.12
448,2,2,2025-01-21,OUT,0.00,46.00,12.21
449,2,2,2025-01-25,IN,64.00,0.00,12.30
450,2,2,2025-01-27,OUT,0.00,47.00,12.69
451,2,2,2025-01-31,IN,150.00,0.00,12.54
452,2,2,2025-02-02,OUT,0.00,46.00,12.31
453,2,2,2025-02-06,IN,178.00,0.00,12.56
454,2,2,2025-02-08,OUT,0.00,23.00,12.91
455,2,2,2025-02-12,IN,51.00,0.00,12.16
456,2,2,2025-02-14,OUT,0.00,104.00,12.30
457,2,2,2025-02-18,IN,134.00,0.00,12.93
458,2,2,2025-02-20,OUT,0.00,94.00,12.58
459,2,2,2025-02-24,IN,177.00,0.00,12.76
460,2,2,2025-02-26,OUT,0.00,30.00,12.82
461,2,2,2025-03-02,IN,75.00,0.00,12.97
462,2,2,2025-03-04,OUT,0.00,120.00,12.18
463,2,2,2025-03-08,IN,87.00,0.00,13.13
464,2,2,2025-03-10,OUT,0.00,135.00,12.70
465,2,2,2025-03-14,IN,50.00,0.00,12.95
466,2,2,2025-03-16,OUT,0.00,51.00,12.29
467,2,2,2025-03-20,IN,78.00,0.00,12.75
468,2,2,2025-03-22,OUT,0.00,107.00,12.88
469,2,2,2025-03-26,IN,51.00,0.00,12.20
470,2,2,2025-03-28,OUT,0.00,82.00,13.09
471,2,2,2025-04-01,IN,123.00,0.00,12.92
472,2,2,2025-04-03,OUT,0.00,39.00,12.17
473,2,2,2025-04-07,IN,29.00,0.00,12.65
474,2,2,2025-04-09,OUT,0.00,55.00,12.88
475,2,2,2025-04-13,IN,158.00,0.00,12.55
476,2,2,2025-04-15,OUT,0.00,98.00,12.83
477,2,2,2025-04-19,IN,24.00,0.00,12.82
478,2,2,2025-04-21,OUT,0.00,25.00,12.79
479,2,2,2025-04-25,IN,97.00,0.00,12.62
480,2,2,2025-04-27,OUT,0.00,117.00,12.34
481,3,2,2025-01-01,IN,115.00,0.00,21.68
482,3,2,2025-01-03,OUT,0.00,73.00,21.99
483,3,2,2025-01-07,IN,74.00,0.00,22.68
484,3,2,2025-01-09,OUT,0.00,117.00,21.83
485,3,2,2025-01-13,IN,109.00,0.00,23.12
486,3,2,2025-01-15,OUT,0.00,110.00,23.07
487,3,2,2025-01-19,IN,51.00,0.00,23.00
488,3,2,2025-01-21,OUT,0.00,106.00,21.77
489,3,2,2025-01-25,IN,137.00,0.00,22.68
490,3,2,2025-01-27,OUT,0.00,113.00,22.73
491,3,2,2025-01-31,IN,75.00,0.00,22.56
492,3,2,2025-02-02,OUT,0.00,123.00,22.83
493,3,2,2025-02-06,IN,68.00,0.00,22.84
494,3,2,2025-02-08,OUT,0.00,67.00,21.89
495,3,2,2025-02-12,IN,38.00,0.00,21.82
496,3,2,2025-02-14,OUT,0.00,122.00,22.78
497,3,2,2025-02-18,IN,26.00,0.00,23.33
498,3,2,2025-02-20,OUT,0.00,46.00,23.11
499,3,2,2025-02-24,IN,120.00,0.00,21.83
500,3,2,2025-02-26,OUT,0.00,32.00,22.10
501,3,2,2025-03-02,IN,149.00,0.00,23.26
502,3,2,2025-03-04,OUT,0.00,18.00,22.00
503,3,2,2025-03-08,IN,103.00,0.00,23.04
504,3,2,2025-03-10,OUT,0.00,27.00,22.31
505,3,2,2025-03-14,IN,107.00,0.00,22.98
506,3,2,2025-03-16,OUT,0.00,74.00,22.73
507,3,2,2025-03-20,IN,178.00,0.00,23.36
508,3,2,2025-03-22,OUT,0.00,84.00,21.93
509,3,2,2025-03-26,IN,76.00,0.00,22.76
510,3,2,2025-03-28,OUT,0.00,18.00,22.19
511,3,2,2025-04-01,IN,168.00,0.00,22.21
512,3,2,2025-04-03,OUT,0.00,115.00,22.83
513,3,2,2025-04-07,IN,164.00,0.00,22.40
514,3,2,2025-04-09,OUT,0.00,129.00,22.84
515,3,2,2025-04-13,IN,53.00,0.00,22.28
516,3,2,2025-04-15,OUT,0.00,135.00,22.18
517,3,2,2025-04-19,IN,153.00,0.00,22.28
518,3,2,2025-04-21,OUT,0.00,51.00,22.70
519,3,2,2025-04-25,IN,74.00,0.00,21.79
520,3,2,2025-04-27,OUT,0.00,30.00,21.71
521,4,2,2025-01-01,IN,120.00,0.00,28.12
522,4,2,2025-01-03,OUT,0.00,11.00,26.87
523,4,2,2025-01-07,IN,137.00,0.00,27.23
524,4,2,2025-01-09,OUT,0.00,41.00,26.86
525,4,2,2025-01-13,IN,170.00,0.00,26.66
526,4,2,2025-01-15,OUT,0.00,59.00,27.72
527,4,2,2025-01-19,IN,115.00,0.00,26.50
528,4,2,2025-01-21,OUT,0.00,118.00,26.45
529,4,2,2025-01-25,IN,86.00,0.00,26.60
530,4,2,2025-01-27,OUT,0.00,139.00,26.71
531,4,2,2025-01-31,IN,178.00,0.00,27.56
532,4,2,2025-02-02,OUT,0.00,139.00,27.21
533,4,2,2025-02-06,IN,175.00,0.00,28.35
534,4,2,2025-02-08,OUT,0.00,134.00,26.88
535,4,2,2025-02-12,IN,130.00,0.00,26.54
536,4,2,2025-02-14,OUT,0.00,123.00,26.44
537,4,2,2025-02-18,IN,107.00,0.00,27.72
538,4,2,2025-02-20,OUT,0.00,124.00,27.21
539,4,2,2025-02-24,IN,44.00,0.00,26.85
540,4,2,2025-02-26,OUT,0.00,58.00,27.92
541,4,2,2025-03-02,IN,62.00,0.00,26.74
542,4,2,2025-03-04,OUT,0.00,88.00,27.50
543,4,2,2025-03-08,IN,49.00,0.00,26.45
544,4,2,2025-03-10,OUT,0.00,109.00,27.48
545,4,2,2025-03-14,IN,23.00,0.00,27.82
546,4,2,2025-03-16,OUT,0.00,27.00,26.92
547,4,2,2025-03-20,IN,71.00,0.00,26.93
548,4,2,2025-03-22,OUT,0.00,133.00,27.00
549,4,2,2025-03-26,IN,111.00,0.00,28.36
550,4,2,2025-03-28,OUT,0.00,112.00,27.16
551,4,2,2025-04-01,IN,92.00,0.00,26.57
552,4,2,2025-04-03,OUT,0.00,130.00,27.47
553,4,2,2025-04-07,IN,117.00,0.00,27.60
554,4,2,2025-04-09,OUT,0.00,131.00,26.87
555,4,2,2025-04-13,IN,87.00,0.00,27.63
556,4,2,2025-04-15,OUT,0.00,62.00,28.30
557,4,2,2025-04-19,IN,120.00,0.00,26.70
558,4,2,2025-04-21,OUT,0.00,22.00,26.84
559,4,2,2025-04-25,IN,90.00,0.00,28.16
560,4,2,2025-04-27,OUT,0.00,34.00,27.37
561,5,2,2025-01-01,IN,132.00,0.00,15.59
562,5,2,2025-01-03,OUT,0.00,116.00,15.62
563,5,2,2025-01-07,IN,101.00,0.00,15.91
564,5,2,2025-01-09,OUT,0.00,126.00,15.53
565,5,2,2025-01-13,IN,171.00,0.00,15.81
566,5,2,2025-01-15,OUT,0.00,15.00,15.56
567,5,2,2025-01-19,IN,131.00,0.00,15.46
568,5,2,2025-01-21,OUT,0.00,62.00,15.02
569,5,2,2025-01-25,IN,141.00,0.00,16.19
570,5,2,2025-01-27,OUT,0.00,62.00,15.33
571,5,2,2025-01-31,IN,129.00,0.00,16.19
572,5,2,2025-02-02,OUT,0.00,114.00,15.01
573,5,2,2025-02-06,IN,60.00,0.00,15.79
574,5,2,2025-02-08,OUT,0.00,13.00,15.62
575,5,2,2025-02-12,IN,73.00,0.00,15.73
576,5,2,2025-02-14,OUT,0.00,46.00,16.04
577,5,2,2025-02-18,IN,111.00,0.00,16.16
578,5,2,2025-02-20,OUT,0.00,23.00,15.26
579,5,2,2025-02-24,IN,32.00,0.00,15.85
580,5,2,2025-02-26,OUT,0.00,44.00,15.73
581,5,2,2025-03-02,IN,27.00,0.00,16.06
582,5,2,2025-03-04,OUT,0.00,14.00,15.54
583,5,2,2025-03-08,IN,95.00,0.00,16.06
584,5,2,2025-03-10,OUT,0.00,86.00,15.98
585,5,2,2025-03-14,IN,101.00,0.00,15.73
586,5,2,2025-03-16,OUT,0.00,15.00,15.36
587,5,2,2025-03-20,IN,139.00,0.00,15.42
588,5,2,2025-03-22,OUT,0.00,97.00,15.71
589,5,2,2025-03-26,IN,120.00,0.00,15.95
590,5,2,2025-03-28,OUT,0.00,58.00,15.56
591,5,2,2025-04-01,IN,81.00,0.00,15.99
592,5,2,2025-04-03,OUT,0.00,139.00,15.88
593,5,2,2025-04-07,IN,29.00,0.00,15.52
594,5,2,2025-04-09,OUT,0.00,137.00,15.81
595,5,2,2025-04-13,IN,179.00,0.00,16.12
596,5,2,2025-04-15,OUT,0.00,73.00,15.89
597,5,2,2025-04-19,IN,55.00,0.00,15.33
598,5,2,2025-04-21,OUT,0.00,113.00,15.56
599,5,2,2025-04-25,IN,168.00,0.00,15.23
600,5,2,2025-04-27,OUT,0.00,48.00,15.36
601,6,2,2025-01-01,IN,159.00,0.00,11.03
602,6,2,2025-01-03,OUT,0.00,66.00,10.59
603,6,2,2025-01-07,IN,53.00,0.00,10.88
604,6,2,2025-01-09,OUT,0.00,131.00,11.23
605,6,2,2025-01-13,IN,71.00,0.00,10.82
606,6,2,2025-01-15,OUT,0.00,119.00,10.74
607,6,2,2025-01-19,IN,86.00,0.00,10.74
608,6,2,2025-01-21,OUT,0.00,92.00,11.15
609,6,2,2025-01-25,IN,59.00,0.00,10.92
610,6,2,2025-01-27,OUT,0.00,98.00,11.30
611,6,2,2025-01-31,IN,116.00,0.00,11.33
612,6,2,2025-02-02,OUT,0.00,87.00,11.29
613,6,2,2025-02-06,IN,87.00,0.00,10.93
614,6,2,2025-02-08,OUT,0.00,46.00,10.92
615,6,2,2025-02-12,IN,172.00,0.00,10.71
616,6,2,2025-02-14,OUT,0.00,16.00,10.91
617,6,2,2025-02-18,IN,26.00,0.00,11.12
618,6,2,2025-02-20,OUT,0.00,31.00,10.54
619,6,2,2025-02-24,IN,150.00,0.00,10.76
620,6,2,2025-02-26,OUT,0.00,108.00,11.20
621,6,2,2025-03-02,IN,91.00,0.00,10.88
622,6,2,2025-03-04,OUT,0.00,19.00,10.78
623,6,2,2025-03-08,IN,79.00,0.00,11.18
624,6,2,2025-03-10,OUT,0.00,127.00,11.29
625,6,2,2025-03-14,IN,99.00,0.00,11.07
626,6,2,2025-03-16,OUT,0.00,118.00,11.08
627,6,2,2025-03-20,IN,84.00,0.00,10.51
628,6,2,2025-03-22,OUT,0.00,44.00,11.29
629,6,2,2025-03-26,IN,51.00,0.00,10.49
630,6,2,2025-03-28,OUT,0.00,124.00,11.03
631,6,2,2025-04-01,IN,138.00,0.00,10.69
632,6,2,2025-04-03,OUT,0.00,19.00,11.23
633,6,2,2025-04-07,IN,43.00,0.00,11.05
634,6,2,2025-04-09,OUT,0.00,51.00,11.23
635,6,2,2025-04-13,IN,96.00,0.00,10.76
636,6,2,2025-04-15,OUT,0.00,128.00,10.63
637,6,2,2025-04-19,IN,38.00,0.00,11.06
638,6,2,2025-04-21,OUT,0.00,84.00,11.10
639,6,2,2025-04-25,IN,159.00,0.00,10.63
640,6,2,2025-04-27,OUT,0.00,115.00,10.83
641,7,2,2025-01-01,IN,157.00,0.00,77.79
642,7,2,2025-01-03,OUT,0.00,66.00,76.32
643,7,2,2025-01-07,IN,30.00,0.00,76.29
644,7,2,2025-01-09,OUT,0.00,37.00,74.45
645,7,2,2025-01-13,IN,97.00,0.00,78.57
646,7,2,2025-01-15,OUT,0.00,10.00,77.03
647,7,2,2025-01-19,IN,120.00,0.00,78.24
648,7,2,2025-01-21,OUT,0.00,139.00,78.82
649,7,2,2025-01-25,IN,98.00,0.00,78.96
650,7,2,2025-01-27,OUT,0.00,128.00,76.64
651,7,2,2025-01-31,IN,79.00,0.00,79.20
652,7,2,2025-02-02,OUT,0.00,13.00,76.17
653,7,2,2025-02-06,IN,157.00,0.00,75.09
654,7,2,2025-02-08,OUT,0.00,40.00,75.43
655,7,2,2025-02-12,IN,134.00,0.00,77.66
656,7,2,2025-02-14,OUT,0.00,63.00,77.25
657,7,2,2025-02-18,IN,106.00,0.00,79.29
658,7,2,2025-02-20,OUT,0.00,40.00,76.60
659,7,2,2025-02-24,IN,95.00,0.00,77.32
660,7,2,2025-02-26,OUT,0.00,57.00,78.77
661,7,2,2025-03-02,IN,36.00,0.00,74.51
662,7,2,2025-03-04,OUT,0.00,112.00,78.12
663,7,2,2025-03-08,IN,168.00,0.00,73.78
664,7,2,2025-03-10,OUT,0.00,47.00,78.17
665,7,2,2025-03-14,IN,81.00,0.00,76.55
666,7,2,2025-03-16,OUT,0.00,63.00,74.22
667,7,2,2025-03-20,IN,102.00,0.00,77.25
668,7,2,2025-03-22,OUT,0.00,83.00,75.44
669,7,2,2025-03-26,IN,38.00,0.00,75.08
670,7,2,2025-03-28,OUT,0.00,21.00,74.73
671,7,2,2025-04-01,IN,113.00,0.00,76.96
672,7,2,2025-04-03,OUT,0.00,83.00,74.41
673,7,2,2025-04-07,IN,178.00,0.00,77.47
674,7,2,2025-04-09,OUT,0.00,32.00,76.51
675,7,2,2025-04-13,IN,111.00,0.00,77.76
676,7,2,2025-04-15,OUT,0.00,78.00,74.14
677,7,2,2025-04-19,IN,38.00,0.00,78.83
678,7,2,2025-04-21,OUT,0.00,53.00,75.40
679,7,2,2025-04-25,IN,37.00,0.00,77.39
680,7,2,2025-04-27,OUT,0.00,92.00,73.92
681,8,2,2025-01-01,IN,146.00,0.00,72.29
682,8,2,2025-01-03,OUT,0.00,54.00,67.27
683,8,2,2025-01-07,IN,152.00,0.00,67.75
684,8,2,2025-01-09,OUT,0.00,64.00,72.15
685,8,2,2025-01-13,IN,112.00,0.00,70.97
686,8,2,2025-01-15,OUT,0.00,65.00,70.68
687,8,2,2025-01-19,IN,111.00,0.00,69.16
688,8,2,2025-01-21,OUT,0.00,94.00,71.20
689,8,2,2025-01-25,IN,42.00,0.00,71.63
690,8,2,2025-01-27,OUT,0.00,114.00,67.18
691,8,2,2025-01-31,IN,111.00,0.00,70.18
692,8,2,2025-02-02,OUT,0.00,76.00,70.65
693,8,2,2025-02-06,IN,128.00,0.00,67.55
694,8,2,2025-02-08,OUT,0.00,41.00,71.16
695,8,2,2025-02-12,IN,152.00,0.00,72.21
696,8,2,2025-02-14,OUT,0.00,20.00,68.34
697,8,2,2025-02-18,IN,80.00,0.00,69.53
698,8,2,2025-02-20,OUT,0.00,69.00,71.68
699,8,2,2025-02-24,IN,180.00,0.00,68.37
700,8,2,2025-02-26,OUT,0.00,136.00,68.56
701,8,2,2025-03-02,IN,57.00,0.00,70.64
702,8,2,2025-03-04,OUT,0.00,14.00,70.10
703,8,2,2025-03-08,IN,31.00,0.00,69.62
704,8,2,2025-03-10,OUT,0.00,43.00,70.64
705,8,2,2025-03-14,IN,95.00,0.00,69.96
706,8,2,2025-03-16,OUT,0.00,47.00,71.27
707,8,2,2025-03-20,IN,53.00,0.00,70.23
708,8,2,2025-03-22,OUT,0.00,61.00,70.89
709,8,2,2025-03-26,IN,163.00,0.00,72.08
710,8,2,2025-03-28,OUT,0.00,52.00,69.44
711,8,2,2025-04-01,IN,117.00,0.00,70.25
712,8,2,2025-04-03,OUT,0.00,75.00,71.58
713,8,2,2025-04-07,IN,101.00,0.00,67.97
714,8,2,2025-04-09,OUT,0.00,109.00,71.92
715,8,2,2025-04-13,IN,65.00,0.00,70.45
716,8,2,2025-04-15,OUT,0.00,119.00,68.18
717,8,2,2025-04-19,IN,178.00,0.00,72.21
718,8,2,2025-04-21,OUT,0.00,99.00,70.20
719,8,2,2025-04-25,IN,88.00,0.00,69.68
720,8,2,2025-04-27,OUT,0.00,74.00,69.94
721,9,2,2025-01-01,IN,120.00,0.00,15.64
722,9,2,2025-01-03,OUT,0.00,36.00,15.76
723,9,2,2025-01-07,IN,99.00,0.00,15.45
724,9,2,2025-01-09,OUT,0.00,35.00,15.05
725,9,2,2025-01-13,IN,43.00,0.00,14.83
726,9,2,2025-01-15,OUT,0.00,21.00,15.29
727,9,2,2025-01-19,IN,45.00,0.00,15.31
728,9,2,2025-01-21,OUT,0.00,64.00,15.59
729,9,2,2025-01-25,IN,163.00,0.00,14.99
730,9,2,2025-01-27,OUT,0.00,26.00,14.62
731,9,2,2025-01-31,IN,140.00,0.00,15.54
732,9,2,2025-02-02,OUT,0.00,54.00,15.55
733,9,2,2025-02-06,IN,156.00,0.00,15.78
734,9,2,2025-02-08,OUT,0.00,119.00,14.66
735,9,2,2025-02-12,IN,173.00,0.00,15.38
736,9,2,2025-02-14,OUT,0.00,36.00,15.06
737,9,2,2025-02-18,IN,122.00,0.00,14.98
738,9,2,2025-02-20,OUT,0.00,22.00,15.73
739,9,2,2025-02-24,IN,106.00,0.00,15.07
740,9,2,2025-02-26,OUT,0.00,18.00,15.10
741,9,2,2025-03-02,IN,155.00,0.00,14.77
742,9,2,2025-03-04,OUT,0.00,115.00,15.01
743,9,2,2025-03-08,IN,102.00,0.00,14.99
744,9,2,2025-03-10,OUT,0.00,82.00,15.79
745,9,2,2025-03-14,IN,119.00,0.00,15.63
746,9,2,2025-03-16,OUT,0.00,123.00,14.75
747,9,2,2025-03-20,IN,45.00,0.00,15.51
748,9,2,2025-03-22,OUT,0.00,86.00,15.54
749,9,2,2025-03-26,IN,102.00,0.00,15.70
750,9,2,2025-03-28,OUT,0.00,43.00,14.94
751,9,2,2025-04-01,IN,142.00,0.00,15.34
752,9,2,2025-04-03,OUT,0.00,16.00,15.13
753,9,2,2025-04-07,IN,172.00,0.00,14.69
754,9,2,2025-04-09,OUT,0.00,54.00,15.61
755,9,2,2025-04-13,IN,99.00,0.00,14.79
756,9,2,2025-04-15,OUT,0.00,50.00,14.87
757,9,2,2025-04-19,IN,20.00,0.00,14.64
758,9,2,2025-04-21,OUT,0.00,50.00,15.62
759,9,2,2025-04-25,IN,72.00,0.00,15.05
760,9,2,2025-04-27,OUT,0.00,42.00,14.63
761,10,2,2025-01-01,IN,99.00,0.00,11.96
762,10,2,2025-01-03,OUT,0.00,11.00,11.80
763,10,2,2025-01-07,IN,79.00,0.00,12.14
764,10,2,2025-01-09,OUT,0.00,132.00,11.96
765,10,2,2025-01-13,IN,52.00,0.00,12.09
766,10,2,2025-01-15,OUT,0.00,37.00,11.91
767,10,2,2025-01-19,IN,146.00,0.00,11.97
768,10,2,2025-01-21,OUT,0.00,84.00,12.23
769,10,2,2025-01-25,IN,134.00,0.00,12.33
770,10,2,2025-01-27,OUT,0.00,83.00,12.43
771,10,2,2025-01-31,IN,132.00,0.00,11.58
772,10,2,2025-02-02,OUT,0.00,76.00,12.39
773,10,2,2025-02-06,IN,179.00,0.00,12.35
774,10,2,2025-02-08,OUT,0.00,136.00,11.73
775,10,2,2025-02-12,IN,93.00,0.00,12.34
776,10,2,2025-02-14,OUT,0.00,134.00,12.18
777,10,2,2025-02-18,IN,60.00,0.00,12.36
778,10,2,2025-02-20,OUT,0.00,92.00,12.14
779,10,2,2025-02-24,IN,178.00,0.00,11.83
780,10,2,2025-02-26,OUT,0.00,95.00,11.90
781,10,2,2025-03-02,IN,123.00,0.00,11.61
782,10,2,2025-03-04,OUT,0.00,101.00,12.14
783,10,2,2025-03-08,IN,121.00,0.00,12.00
784,10,2,2025-03-10,OUT,0.00,101.00,12.16
785,10,2,2025-03-14,IN,169.00,0.00,11.66
786,10,2,2025-03-16,OUT,0.00,119.00,11.66
787,10,2,2025-03-20,IN,48.00,0.00,12.40
788,10,2,2025-03-22,OUT,0.00,113.00,11.70
789,10,2,2025-03-26,IN,134.00,0.00,12.27
790,10,2,2025-03-28,OUT,0.00,11.00,12.20
791,10,2,2025-04-01,IN,104.00,0.00,12.43
792,10,2,2025-04-03,OUT,0.00,48.00,12.47
793,10,2,2025-04-07,IN,177.00,0.00,11.76
794,10,2,2025-04-09,OUT,0.00,12.00,11.99
795,10,2,2025-04-13,IN,47.00,0.00,11.72
796,10,2,2025-04-15,OUT,0.00,22.00,12.08
797,10,2,2025-04-19,IN,87.00,0.00,12.40
798,10,2,2025-04-21,OUT,0.00,26.00,12.44
799,10,2,2025-04-25,IN,44.00,0.00,12.30
800,10,2,2025-04-27,OUT,0.00,16.00,11.82
801,1,3,2025-01-01,IN,76.00,0.00,19.39
802,1,3,2025-01-03,OUT,0.00,74.00,19.17
803,1,3,2025-01-07,IN,40.00,0.00,18.27
804,1,3,2025-01-09,OUT,0.00,42.00,18.18
805,1,3,2025-01-13,IN,142.00,0.00,18.60
806,1,3,2025-01-15,OUT,0.00,13.00,18.16
807,1,3,2025-01-19,IN,32.00,0.00,19.36
808,1,3,2025-01-21,OUT,0.00,25.00,19.17
809,1,3,2025-01-25,IN,179.00,0.00,19.19
810,1,3,2025-01-27,OUT,0.00,135.00,19.05
811,1,3,2025-01-31,IN,118.00,0.00,18.21
812,1,3,2025-02-02,OUT,0.00,71.00,19.08
813,1,3,2025-02-06,IN,32.00,0.00,19.31
814,1,3,2025-02-08,OUT,0.00,57.00,19.06
815,1,3,2025-02-12,IN,173.00,0.00,19.29
816,1,3,2025-02-14,OUT,0.00,43.00,19.56
817,1,3,2025-02-18,IN,146.00,0.00,18.86
818,1,3,2025-02-20,OUT,0.00,45.00,19.28
819,1,3,2025-02-24,IN,178.00,0.00,18.44
820,1,3,2025-02-26,OUT,0.00,40.00,18.65
821,1,3,2025-03-02,IN,177.00,0.00,18.77
822,1,3,2025-03-04,OUT,0.00,51.00,19.15
823,1,3,2025-03-08,IN,177.00,0.00,18.47
824,1,3,2025-03-10,OUT,0.00,14.00,18.72
825,1,3,2025-03-14,IN,129.00,0.00,19.39
826,1,3,2025-03-16,OUT,0.00,29.00,18.14
827,1,3,2025-03-20,IN,24.00,0.00,19.20
828,1,3,2025-03-22,OUT,0.00,26.00,19.14
829,1,3,2025-03-26,IN,109.00,0.00,18.53
830,1,3,2025-03-28,OUT,0.00,65.00,18.25
831,1,3,2025-04-01,IN,85.00,0.00,18.70
832,1,3,2025-04-03,OUT,0.00,139.00,19.29
833,1,3,2025-04-07,IN,134.00,0.00,18.39
834,1,3,2025-04-09,OUT,0.00,53.00,19.51
835,1,3,2025-04-13,IN,149.00,0.00,18.22
836,1,3,2025-04-15,OUT,0.00,51.00,19.13
837,1,3,2025-04-19,IN,76.00,0.00,18.51
838,1,3,2025-04-21,OUT,0.00,72.00,18.61
839,1,3,2025-04-25,IN,71.00,0.00,18.91
840,1,3,2025-04-27,OUT,0.00,90.00,19.58
841,2,3,2025-01-01,IN,99.00,0.00,12.75
842,2,3,2025-01-03,OUT,0.00,41.00,12.30
843,2,3,2025-01-07,IN,66.00,0.00,12.71
844,2,3,2025-01-09,OUT,0.00,11.00,12.99
845,2,3,2025-01-13,IN,168.00,0.00,12.90
846,2,3,2025-01-15,OUT,0.00,32.00,13.13
847,2,3,2025-01-19,IN,55.00,0.00,12.50
848,2,3,2025-01-21,OUT,0.00,130.00,13.02
849,2,3,2025-01-25,IN,38.00,0.00,12.98
850,2,3,2025-01-27,OUT,0.00,51.00,13.04
851,2,3,2025-01-31,IN,34.00,0.00,12.92
852,2,3,2025-02-02,OUT,0.00,110.00,12.69
853,2,3,2025-02-06,IN,28.00,0.00,13.10
854,2,3,2025-02-08,OUT,0.00,88.00,12.73
855,2,3,2025-02-12,IN,140.00,0.00,12.24
856,2,3,2025-02-14,OUT,0.00,97.00,12.94
857,2,3,2025-02-18,IN,51.00,0.00,12.22
858,2,3,2025-02-20,OUT,0.00,139.00,13.08
859,2,3,2025-02-24,IN,58.00,0.00,12.72
860,2,3,2025-02-26,OUT,0.00,130.00,12.66
861,2,3,2025-03-02,IN,138.00,0.00,12.30
862,2,3,2025-03-04,OUT,0.00,101.00,13.04
863,2,3,2025-03-08,IN,157.00,0.00,12.38
864,2,3,2025-03-10,OUT,0.00,20.00,12.79
865,2,3,2025-03-14,IN,101.00,0.00,12.37
866,2,3,2025-03-16,OUT,0.00,80.00,12.70
867,2,3,2025-03-20,IN,20.00,0.00,12.23
868,2,3,2025-03-22,OUT,0.00,132.00,12.26
869,2,3,2025-03-26,IN,168.00,0.00,13.10
870,2,3,2025-03-28,OUT,0.00,97.00,12.32
871,2,3,2025-04-01,IN,161.00,0.00,12.22
872,2,3,2025-04-03,OUT,0.00,62.00,13.00
873,2,3,2025-04-07,IN,24.00,0.00,12.31
874,2,3,2025-04-09,OUT,0.00,66.00,12.84
875,2,3,2025-04-13,IN,172.00,0.00,13.07
876,2,3,2025-04-15,OUT,0.00,37.00,12.21
877,2,3,2025-04-19,IN,103.00,0.00,12.50
878,2,3,2025-04-21,OUT,0.00,130.00,12.34
879,2,3,2025-04-25,IN,111.00,0.00,12.58
880,2,3,2025-04-27,OUT,0.00,45.00,12.34
881,3,3,2025-01-01,IN,180.00,0.00,21.74
882,3,3,2025-01-03,OUT,0.00,81.00,22.21
883,3,3,2025-01-07,IN,169.00,0.00,23.19
884,3,3,2025-01-09,OUT,0.00,133.00,23.13
885,3,3,2025-01-13,IN,88.00,0.00,23.18
886,3,3,2025-01-15,OUT,0.00,132.00,22.73
887,3,3,2025-01-19,IN,141.00,0.00,23.13
888,3,3,2025-01-21,OUT,0.00,92.00,23.06
889,3,3,2025-01-25,IN,122.00,0.00,22.95
890,3,3,2025-01-27,OUT,0.00,16.00,21.75
891,3,3,2025-01-31,IN,167.00,0.00,22.61
892,3,3,2025-02-02,OUT,0.00,28.00,22.04
893,3,3,2025-02-06,IN,101.00,0.00,23.01
894,3,3,2025-02-08,OUT,0.00,115.00,22.88
895,3,3,2025-02-12,IN,159.00,0.00,21.77
896,3,3,2025-02-14,OUT,0.00,30.00,22.92
897,3,3,2025-02-18,IN,38.00,0.00,22.23
898,3,3,2025-02-20,OUT,0.00,102.00,23.22
899,3,3,2025-02-24,IN,160.00,0.00,23.36
900,3,3,2025-02-26,OUT,0.00,123.00,22.65
901,3,3,2025-03-02,IN,77.00,0.00,22.09
902,3,3,2025-03-04,OUT,0.00,136.00,22.51
903,3,3,2025-03-08,IN,111.00,0.00,23.41
904,3,3,2025-03-10,OUT,0.00,21.00,22.53
905,3,3,2025-03-14,IN,175.00,0.00,22.05
906,3,3,2025-03-16,OUT,0.00,39.00,21.83
907,3,3,2025-03-20,IN,156.00,0.00,23.00
908,3,3,2025-03-22,OUT,0.00,72.00,22.72
909,3,3,2025-03-26,IN,118.00,0.00,22.76
910,3,3,2025-03-28,OUT,0.00,85.00,21.85
911,3,3,2025-04-01,IN,79.00,0.00,22.14
912,3,3,2025-04-03,OUT,0.00,110.00,22.80
913,3,3,2025-04-07,IN,80.00,0.00,23.03
914,3,3,2025-04-09,OUT,0.00,131.00,22.46
915,3,3,2025-04-13,IN,177.00,0.00,22.73
916,3,3,2025-04-15,OUT,0.00,15.00,22.34
917,3,3,2025-04-19,IN,73.00,0.00,22.45
918,3,3,2025-04-21,OUT,0.00,111.00,22.54
919,3,3,2025-04-25,IN,97.00,0.00,21.92
920,3,3,2025-04-27,OUT,0.00,60.00,22.66
921,4,3,2025-01-01,IN,43.00,0.00,27.82
922,4,3,2025-01-03,OUT,0.00,111.00,28.25
923,4,3,2025-01-07,IN,142.00,0.00,27.79
924,4,3,2025-01-09,OUT,0.00,91.00,28.38
925,4,3,2025-01-13,IN,61.00,0.00,27.98
926,4,3,2025-01-15,OUT,0.00,76.00,26.73
927,4,3,2025-01-19,IN,31.00,0.00,27.08
928,4,3,2025-01-21,OUT,0.00,99.00,28.35
929,4,3,2025-01-25,IN,159.00,0.00,27.04
930,4,3,2025-01-27,OUT,0.00,129.00,28.22
931,4,3,2025-01-31,IN,43.00,0.00,26.32
932,4,3,2025-02-02,OUT,0.00,93.00,26.92
933,4,3,2025-02-06,IN,106.00,0.00,27.22
934,4,3,2025-02-08,OUT,0.00,107.00,26.89
935,4,3,2025-02-12,IN,47.00,0.00,27.55
936,4,3,2025-02-14,OUT,0.00,49.00,26.83
937,4,3,2025-02-18,IN,102.00,0.00,27.27
938,4,3,2025-02-20,OUT,0.00,12.00,27.54
939,4,3,2025-02-24,IN,131.00,0.00,27.05
940,4,3,2025-02-26,OUT,0.00,42.00,27.35
941,4,3,2025-03-02,IN,39.00,0.00,27.90
942,4,3,2025-03-04,OUT,0.00,59.00,28.40
943,4,3,2025-03-08,IN,149.00,0.00,27.71
944,4,3,2025-03-10,OUT,0.00,123.00,28.21
945,4,3,2025-03-14,IN,40.00,0.00,26.41
946,4,3,2025-03-16,OUT,0.00,48.00,26.57
947,4,3,2025-03-20,IN,35.00,0.00,28.22
948,4,3,2025-03-22,OUT,0.00,129.00,26.40
949,4,3,2025-03-26,IN,78.00,0.00,26.53
950,4,3,2025-03-28,OUT,0.00,100.00,26.29
951,4,3,2025-04-01,IN,94.00,0.00,27.30
952,4,3,2025-04-03,OUT,0.00,69.00,26.50
953,4,3,2025-04-07,IN,108.00,0.00,27.50
954,4,3,2025-04-09,OUT,0.00,102.00,28.17
955,4,3,2025-04-13,IN,87.00,0.00,26.92
956,4,3,2025-04-15,OUT,0.00,106.00,26.36
957,4,3,2025-04-19,IN,103.00,0.00,27.22
958,4,3,2025-04-21,OUT,0.00,26.00,28.05
959,4,3,2025-04-25,IN,59.00,0.00,27.29
960,4,3,2025-04-27,OUT,0.00,83.00,27.27
961,5,3,2025-01-01,IN,70.00,0.00,15.16
962,5,3,2025-01-03,OUT,0.00,56.00,15.37
963,5,3,2025-01-07,IN,43.00,0.00,15.57
964,5,3,2025-01-09,OUT,0.00,48.00,15.22
965,5,3,2025-01-13,IN,151.00,0.00,16.16
966,5,3,2025-01-15,OUT,0.00,34.00,16.20
967,5,3,2025-01-19,IN,45.00,0.00,15.87
968,5,3,2025-01-21,OUT,0.00,80.00,15.33
969,5,3,2025-01-25,IN,60.00,0.00,15.93
970,5,3,2025-01-27,OUT,0.00,123.00,15.92
971,5,3,2025-01-31,IN,175.00,0.00,15.59
972,5,3,2025-02-02,OUT,0.00,26.00,15.26
973,5,3,2025-02-06,IN,40.00,0.00,15.37
974,5,3,2025-02-08,OUT,0.00,16.00,15.50
975,5,3,2025-02-12,IN,144.00,0.00,15.47
976,5,3,2025-02-14,OUT,0.00,42.00,15.64
977,5,3,2025-02-18,IN,93.00,0.00,15.57
978,5,3,2025-02-20,OUT,0.00,61.00,15.74
979,5,3,2025-02-24,IN,168.00,0.00,15.20
980,5,3,2025-02-26,OUT,0.00,16.00,15.40
981,5,3,2025-03-02,IN,51.00,0.00,15.48
982,5,3,2025-03-04,OUT,0.00,16.00,15.45
983,5,3,2025-03-08,IN,48.00,0.00,15.37
984,5,3,2025-03-10,OUT,0.00,96.00,15.79
985,5,3,2025-03-14,IN,52.00,0.00,15.68
986,5,3,2025-03-16,OUT,0.00,17.00,15.15
987,5,3,2025-03-20,IN,94.00,0.00,15.31
988,5,3,2025-03-22,OUT,0.00,106.00,15.02
989,5,3,2025-03-26,IN,112.00,0.00,15.69
990,5,3,2025-03-28,OUT,0.00,94.00,15.77
991,5,3,2025-04-01,IN,103.00,0.00,16.12
992,5,3,2025-04-03,OUT,0.00,99.00,15.38
993,5,3,2025-04-07,IN,122.00,0.00,15.59
994,5,3,2025-04-09,OUT,0.00,65.00,15.99
995,5,3,2025-04-13,IN,82.00,0.00,15.97
996,5,3,2025-04-15,OUT,0.00,71.00,15.07
997,5,3,2025-04-19,IN,170.00,0.00,15.57
998,5,3,2025-04-21,OUT,0.00,82.00,15.49
999,5,3,2025-04-25,IN,169.00,0.00,15.00
1000,5,3,2025-04-27,OUT,0.00,67.00,15.43
1001,6,3,2025-01-01,IN,29.00,0.00,11.18
1002,6,3,2025-01-03,OUT,0.00,121.00,11.09
1003,6,3,2025-01-07,IN,54.00,0.00,10.80
1004,6,3,2025-01-09,OUT,0.00,134.00,10.56
1005,6,3,2025-01-13,IN,32.00,0.00,10.68
1006,6,3,2025-01-15,OUT,0.00,105.00,11.15
1007,6,3,2025-01-19,IN,77.00,0.00,10.63
1008,6,3,2025-01-21,OUT,0.00,74.00,11.32
1009,6,3,2025-01-25,IN,178.00,0.00,11.29
1010,6,3,2025-01-27,OUT,0.00,73.00,10.98
1011,6,3,2025-01-31,IN,148.00,0.00,10.97
1012,6,3,2025-02-02,OUT,0.00,78.00,10.68
1013,6,3,2025-02-06,IN,151.00,0.00,10.64
1014,6,3,2025-02-08,OUT,0.00,140.00,10.66
1015,6,3,2025-02-12,IN,153.00,0.00,11.12
1016,6,3,2025-02-14,OUT,0.00,126.00,11.05
1017,6,3,2025-02-18,IN,77.00,0.00,11.10
1018,6,3,2025-02-20,OUT,0.00,69.00,10.89
1019,6,3,2025-02-24,IN,74.00,0.00,10.76
1020,6,3,2025-02-26,OUT,0.00,38.00,11.03
1021,6,3,2025-03-02,IN,135.00,0.00,10.49
1022,6,3,2025-03-04,OUT,0.00,69.00,10.58
1023,6,3,2025-03-08,IN,72.00,0.00,10.74
1024,6,3,2025-03-10,OUT,0.00,45.00,10.90
1025,6,3,2025-03-14,IN,40.00,0.00,11.06
1026,6,3,2025-03-16,OUT,0.00,111.00,11.09
1027,6,3,2025-03-20,IN,155.00,0.00,10.75
1028,6,3,2025-03-22,OUT,0.00,108.00,10.68
1029,6,3,2025-03-26,IN,31.00,0.00,10.51
1030,6,3,2025-03-28,OUT,0.00,135.00,10.54
1031,6,3,2025-04-01,IN,55.00,0.00,10.51
1032,6,3,2025-04-03,OUT,0.00,25.00,10.68
1033,6,3,2025-04-07,IN,43.00,0.00,10.96
1034,6,3,2025-04-09,OUT,0.00,117.00,10.76
1035,6,3,2025-04-13,IN,106.00,0.00,10.84
1036,6,3,2025-04-15,OUT,0.00,80.00,11.05
1037,6,3,2025-04-19,IN,138.00,0.00,10.96
1038,6,3,2025-04-21,OUT,0.00,11.00,11.04
1039,6,3,2025-04-25,IN,161.00,0.00,11.17
1040,6,3,2025-04-27,OUT,0.00,56.00,10.79
1041,7,3,2025-01-01,IN,138.00,0.00,76.00
1042,7,3,2025-01-03,OUT,0.00,104.00,76.73
1043,7,3,2025-01-07,IN,157.00,0.00,73.53
1044,7,3,2025-01-09,OUT,0.00,30.00,76.05
1045,7,3,2025-01-13,IN,167.00,0.00,75.56
1046,7,3,2025-01-15,OUT,0.00,114.00,74.13
1047,7,3,2025-01-19,IN,44.00,0.00,76.53
1048,7,3,2025-01-21,OUT,0.00,59.00,77.22
1049,7,3,2025-01-25,IN,176.00,0.00,74.74
1050,7,3,2025-01-27,OUT,0.00,69.00,78.04
1051,7,3,2025-01-31,IN,49.00,0.00,75.42
1052,7,3,2025-02-02,OUT,0.00,46.00,74.21
1053,7,3,2025-02-06,IN,23.00,0.00,76.33
1054,7,3,2025-02-08,OUT,0.00,20.00,76.68
1055,7,3,2025-02-12,IN,117.00,0.00,79.47
1056,7,3,2025-02-14,OUT,0.00,78.00,78.45
1057,7,3,2025-02-18,IN,79.00,0.00,77.61
1058,7,3,2025-02-20,OUT,0.00,68.00,76.09
1059,7,3,2025-02-24,IN,175.00,0.00,75.68
1060,7,3,2025-02-26,OUT,0.00,93.00,75.01
1061,7,3,2025-03-02,IN,154.00,0.00,79.16
1062,7,3,2025-03-04,OUT,0.00,32.00,76.45
1063,7,3,2025-03-08,IN,37.00,0.00,76.90
1064,7,3,2025-03-10,OUT,0.00,31.00,77.04
1065,7,3,2025-03-14,IN,139.00,0.00,74.43
1066,7,3,2025-03-16,OUT,0.00,116.00,77.51
1067,7,3,2025-03-20,IN,121.00,0.00,79.09
1068,7,3,2025-03-22,OUT,0.00,128.00,77.79
1069,7,3,2025-03-26,IN,153.00,0.00,73.94
1070,7,3,2025-03-28,OUT,0.00,126.00,76.69
1071,7,3,2025-04-01,IN,21.00,0.00,78.79
1072,7,3,2025-04-03,OUT,0.00,101.00,78.92
1073,7,3,2025-04-07,IN,36.00,0.00,76.50
1074,7,3,2025-04-09,OUT,0.00,46.00,75.06
1075,7,3,2025-04-13,IN,98.00,0.00,77.95
1076,7,3,2025-04-15,OUT,0.00,10.00,73.75
1077,7,3,2025-04-19,IN,155.00,0.00,78.79
1078,7,3,2025-04-21,OUT,0.00,81.00,76.01
1079,7,3,2025-04-25,IN,131.00,0.00,73.94
1080,7,3,2025-04-27,OUT,0.00,64.00,78.23
1081,8,3,2025-01-01,IN,142.00,0.00,69.26
1082,8,3,2025-01-03,OUT,0.00,92.00,68.17
1083,8,3,2025-01-07,IN,52.00,0.00,70.20
1084,8,3,2025-01-09,OUT,0.00,51.00,70.28
1085,8,3,2025-01-13,IN,85.00,0.00,68.81
1086,8,3,2025-01-15,OUT,0.00,110.00,71.44
1087,8,3,2025-01-19,IN,30.00,0.00,70.47
1088,8,3,2025-01-21,OUT,0.00,14.00,67.72
1089,8,3,2025-01-25,IN,92.00,0.00,72.27
1090,8,3,2025-01-27,OUT,0.00,94.00,69.23
1091,8,3,2025-01-31,IN,50.00,0.00,67.49
1092,8,3,2025-02-02,OUT,0.00,12.00,69.81
1093,8,3,2025-02-06,IN,32.00,0.00,71.73
1094,8,3,2025-02-08,OUT,0.00,50.00,68.04
1095,8,3,2025-02-12,IN,118.00,0.00,70.74
1096,8,3,2025-02-14,OUT,0.00,114.00,67.96
1097,8,3,2025-02-18,IN,50.00,0.00,71.01
1098,8,3,2025-02-20,OUT,0.00,64.00,70.02
1099,8,3,2025-02-24,IN,77.00,0.00,69.48
1100,8,3,2025-02-26,OUT,0.00,109.00,69.96
1101,8,3,2025-03-02,IN,147.00,0.00,68.09
1102,8,3,2025-03-04,OUT,0.00,107.00,67.32
1103,8,3,2025-03-08,IN,178.00,0.00,71.09
1104,8,3,2025-03-10,OUT,0.00,13.00,71.45
1105,8,3,2025-03-14,IN,32.00,0.00,68.87
1106,8,3,2025-03-16,OUT,0.00,130.00,70.46
1107,8,3,2025-03-20,IN,27.00,0.00,69.57
1108,8,3,2025-03-22,OUT,0.00,130.00,68.44
1109,8,3,2025-03-26,IN,168.00,0.00,71.20
1110,8,3,2025-03-28,OUT,0.00,60.00,71.94
1111,8,3,2025-04-01,IN,44.00,0.00,71.20
1112,8,3,2025-04-03,OUT,0.00,109.00,69.87
1113,8,3,2025-04-07,IN,170.00,0.00,69.53
1114,8,3,2025-04-09,OUT,0.00,116.00,72.20
1115,8,3,2025-04-13,IN,154.00,0.00,72.16
1116,8,3,2025-04-15,OUT,0.00,115.00,72.07
1117,8,3,2025-04-19,IN,41.00,0.00,68.64
1118,8,3,2025-04-21,OUT,0.00,68.00,69.44
1119,8,3,2025-04-25,IN,53.00,0.00,67.40
1120,8,3,2025-04-27,OUT,0.00,19.00,71.38
1121,9,3,2025-01-01,IN,145.00,0.00,15.51
1122,9,3,2025-01-03,OUT,0.00,58.00,15.75
1123,9,3,2025-01-07,IN,83.00,0.00,15.61
1124,9,3,2025-01-09,OUT,0.00,112.00,14.71
1125,9,3,2025-01-13,IN,43.00,0.00,15.11
1126,9,3,2025-01-15,OUT,0.00,137.00,15.25
1127,9,3,2025-01-19,IN,89.00,0.00,15.30
1128,9,3,2025-01-21,OUT,0.00,117.00,15.13
1129,9,3,2025-01-25,IN,116.00,0.00,15.67
1130,9,3,2025-01-27,OUT,0.00,89.00,15.69
1131,9,3,2025-01-31,IN,73.00,0.00,14.90
1132,9,3,2025-02-02,OUT,0.00,28.00,14.79
1133,9,3,2025-02-06,IN,135.00,0.00,15.06
1134,9,3,2025-02-08,OUT,0.00,131.00,14.90
1135,9,3,2025-02-12,IN,35.00,0.00,14.71
1136,9,3,2025-02-14,OUT,0.00,17.00,14.75
1137,9,3,2025-02-18,IN,31.00,0.00,15.08
1138,9,3,2025-02-20,OUT,0.00,70.00,15.08
1139,9,3,2025-02-24,IN,32.00,0.00,15.50
1140,9,3,2025-02-26,OUT,0.00,23.00,15.52
1141,9,3,2025-03-02,IN,98.00,0.00,15.60
1142,9,3,2025-03-04,OUT,0.00,58.00,15.04
1143,9,3,2025-03-08,IN,168.00,0.00,15.31
1144,9,3,2025-03-10,OUT,0.00,23.00,14.66
1145,9,3,2025-03-14,IN,81.00,0.00,14.77
1146,9,3,2025-03-16,OUT,0.00,16.00,15.79
1147,9,3,2025-03-20,IN,31.00,0.00,15.02
1148,9,3,2025-03-22,OUT,0.00,71.00,15.24
1149,9,3,2025-03-26,IN,45.00,0.00,15.55
1150,9,3,2025-03-28,OUT,0.00,113.00,15.77
1151,9,3,2025-04-01,IN,116.00,0.00,15.20
1152,9,3,2025-04-03,OUT,0.00,43.00,15.35
1153,9,3,2025-04-07,IN,140.00,0.00,14.75
1154,9,3,2025-04-09,OUT,0.00,69.00,15.61
1155,9,3,2025-04-13,IN,131.00,0.00,14.72
1156,9,3,2025-04-15,OUT,0.00,90.00,15.08
1157,9,3,2025-04-19,IN,69.00,0.00,15.51
1158,9,3,2025-04-21,OUT,0.00,42.00,15.17
1159,9,3,2025-04-25,IN,68.00,0.00,15.04
1160,9,3,2025-04-27,OUT,0.00,93.00,15.40
1161,10,3,2025-01-01,IN,147.00,0.00,12.40
1162,10,3,2025-01-03,OUT,0.00,34.00,12.19
1163,10,3,2025-01-07,IN,159.00,0.00,11.80
1164,10,3,2025-01-09,OUT,0.00,38.00,12.41
1165,10,3,2025-01-13,IN,177.00,0.00,12.02
1166,10,3,2025-01-15,OUT,0.00,119.00,12.02
1167,10,3,2025-01-19,IN,27.00,0.00,12.50
1168,10,3,2025-01-21,OUT,0.00,76.00,11.64
1169,10,3,2025-01-25,IN,59.00,0.00,12.45
1170,10,3,2025-01-27,OUT,0.00,125.00,11.82
1171,10,3,2025-01-31,IN,104.00,0.00,11.89
1172,10,3,2025-02-02,OUT,0.00,98.00,12.36
1173,10,3,2025-02-06,IN,109.00,0.00,11.60
1174,10,3,2025-02-08,OUT,0.00,122.00,12.06
1175,10,3,2025-02-12,IN,104.00,0.00,12.21
1176,10,3,2025-02-14,OUT,0.00,101.00,12.11
1177,10,3,2025-02-18,IN,90.00,0.00,11.98
1178,10,3,2025-02-20,OUT,0.00,25.00,11.87
1179,10,3,2025-02-24,IN,112.00,0.00,11.95
1180,10,3,2025-02-26,OUT,0.00,121.00,12.30
1181,10,3,2025-03-02,IN,21.00,0.00,12.32
1182,10,3,2025-03-04,OUT,0.00,69.00,11.57
1183,10,3,2025-03-08,IN,89.00,0.00,11.89
1184,10,3,2025-03-10,OUT,0.00,56.00,11.58
1185,10,3,2025-03-14,IN,128.00,0.00,11.88
1186,10,3,2025-03-16,OUT,0.00,86.00,11.79
1187,10,3,2025-03-20,IN,161.00,0.00,12.10
1188,10,3,2025-03-22,OUT,0.00,122.00,11.93
1189,10,3,2025-03-26,IN,99.00,0.00,12.27
1190,10,3,2025-03-28,OUT,0.00,101.00,12.11
1191,10,3,2025-04-01,IN,172.00,0.00,12.28
1192,10,3,2025-04-03,OUT,0.00,22.00,12.39
1193,10,3,2025-04-07,IN,132.00,0.00,12.01
1194,10,3,2025-04-09,OUT,0.00,111.00,12.24
1195,10,3,2025-04-13,IN,40.00,0.00,12.33
1196,10,3,2025-04-15,OUT,0.00,125.00,12.11
1197,10,3,2025-04-19,IN,158.00,0.00,11.67
1198,10,3,2025-04-21,OUT,0.00,101.00,12.43
1199,10,3,2025-04-25,IN,63.00,0.00,11.73
1200,10,3,2025-04-27,OUT,0.00,17.00,12.14
1201,1,4,2025-01-01,IN,51.00,0.00,18.38
1202,1,4,2025-01-03,OUT,0.00,46.00,19.58
1203,1,4,2025-01-07,IN,74.00,0.00,18.61
1204,1,4,2025-01-09,OUT,0.00,84.00,19.12
1205,1,4,2025-01-13,IN,115.00,0.00,19.59
1206,1,4,2025-01-15,OUT,0.00,131.00,19.06
1207,1,4,2025-01-19,IN,138.00,0.00,19.43
1208,1,4,2025-01-21,OUT,0.00,108.00,19.46
1209,1,4,2025-01-25,IN,45.00,0.00,19.36
1210,1,4,2025-01-27,OUT,0.00,50.00,19.29
1211,1,4,2025-01-31,IN,90.00,0.00,18.64
1212,1,4,2025-02-02,OUT,0.00,124.00,18.54
1213,1,4,2025-02-06,IN,70.00,0.00,18.70
1214,1,4,2025-02-08,OUT,0.00,114.00,19.47
1215,1,4,2025-02-12,IN,58.00,0.00,19.41
1216,1,4,2025-02-14,OUT,0.00,36.00,18.61
1217,1,4,2025-02-18,IN,115.00,0.00,18.13
1218,1,4,2025-02-20,OUT,0.00,10.00,18.49
1219,1,4,2025-02-24,IN,132.00,0.00,19.55
1220,1,4,2025-02-26,OUT,0.00,106.00,18.96
1221,1,4,2025-03-02,IN,79.00,0.00,18.91
1222,1,4,2025-03-04,OUT,0.00,45.00,19.20
1223,1,4,2025-03-08,IN,124.00,0.00,19.47
1224,1,4,2025-03-10,OUT,0.00,96.00,19.14
1225,1,4,2025-03-14,IN,28.00,0.00,18.70
1226,1,4,2025-03-16,OUT,0.00,117.00,18.52
1227,1,4,2025-03-20,IN,137.00,0.00,18.70
1228,1,4,2025-03-22,OUT,0.00,104.00,18.35
1229,1,4,2025-03-26,IN,119.00,0.00,18.14
1230,1,4,2025-03-28,OUT,0.00,57.00,18.85
1231,1,4,2025-04-01,IN,93.00,0.00,19.19
1232,1,4,2025-04-03,OUT,0.00,75.00,18.74
1233,1,4,2025-04-07,IN,110.00,0.00,19.22
1234,1,4,2025-04-09,OUT,0.00,50.00,19.01
1235,1,4,2025-04-13,IN,138.00,0.00,18.52
1236,1,4,2025-04-15,OUT,0.00,140.00,18.60
1237,1,4,2025-04-19,IN,175.00,0.00,19.60
1238,1,4,2025-04-21,OUT,0.00,134.00,19.46
1239,1,4,2025-04-25,IN,172.00,0.00,18.63
1240,1,4,2025-04-27,OUT,0.00,119.00,18.68
1241,2,4,2025-01-01,IN,67.00,0.00,12.67
1242,2,4,2025-01-03,OUT,0.00,32.00,12.44
1243,2,4,2025-01-07,IN,158.00,0.00,12.54
1244,2,4,2025-01-09,OUT,0.00,104.00,12.28
1245,2,4,2025-01-13,IN,124.00,0.00,12.22
1246,2,4,2025-01-15,OUT,0.00,83.00,12.17
1247,2,4,2025-01-19,IN,118.00,0.00,12.82
1248,2,4,2025-01-21,OUT,0.00,89.00,12.16
1249,2,4,2025-01-25,IN,127.00,0.00,13.04
1250,2,4,2025-01-27,OUT,0.00,30.00,12.45
1251,2,4,2025-01-31,IN,143.00,0.00,12.87
1252,2,4,2025-02-02,OUT,0.00,111.00,12.84
1253,2,4,2025-02-06,IN,96.00,0.00,12.21
1254,2,4,2025-02-08,OUT,0.00,97.00,12.66
1255,2,4,2025-02-12,IN,38.00,0.00,13.01
1256,2,4,2025-02-14,OUT,0.00,90.00,12.37
1257,2,4,2025-02-18,IN,72.00,0.00,12.97
1258,2,4,2025-02-20,OUT,0.00,54.00,13.08
1259,2,4,2025-02-24,IN,92.00,0.00,12.87
1260,2,4,2025-02-26,OUT,0.00,107.00,12.78
1261,2,4,2025-03-02,IN,171.00,0.00,12.31
1262,2,4,2025-03-04,OUT,0.00,14.00,12.27
1263,2,4,2025-03-08,IN,170.00,0.00,12.44
1264,2,4,2025-03-10,OUT,0.00,36.00,12.27
1265,2,4,2025-03-14,IN,47.00,0.00,13.03
1266,2,4,2025-03-16,OUT,0.00,11.00,12.23
1267,2,4,2025-03-20,IN,122.00,0.00,13.12
1268,2,4,2025-03-22,OUT,0.00,114.00,12.27
1269,2,4,2025-03-26,IN,81.00,0.00,12.94
1270,2,4,2025-03-28,OUT,0.00,80.00,12.26
1271,2,4,2025-04-01,IN,104.00,0.00,12.93
1272,2,4,2025-04-03,OUT,0.00,78.00,13.12
1273,2,4,2025-04-07,IN,95.00,0.00,12.66
1274,2,4,2025-04-09,OUT,0.00,20.00,12.43
1275,2,4,2025-04-13,IN,84.00,0.00,12.77
1276,2,4,2025-04-15,OUT,0.00,41.00,12.22
1277,2,4,2025-04-19,IN,69.00,0.00,12.32
1278,2,4,2025-04-21,OUT,0.00,89.00,12.89
1279,2,4,2025-04-25,IN,102.00,0.00,13.13
1280,2,4,2025-04-27,OUT,0.00,42.00,12.55
1281,3,4,2025-01-01,IN,91.00,0.00,22.47
1282,3,4,2025-01-03,OUT,0.00,67.00,21.70
1283,3,4,2025-01-07,IN,134.00,0.00,22.80
1284,3,4,2025-01-09,OUT,0.00,136.00,23.29
1285,3,4,2025-01-13,IN,170.00,0.00,22.94
1286,3,4,2025-01-15,OUT,0.00,89.00,22.93
1287,3,4,2025-01-19,IN,24.00,0.00,21.81
1288,3,4,2025-01-21,OUT,0.00,59.00,22.49
1289,3,4,2025-01-25,IN,137.00,0.00,22.41
1290,3,4,2025-01-27,OUT,0.00,98.00,23.16
1291,3,4,2025-01-31,IN,130.00,0.00,22.36
1292,3,4,2025-02-02,OUT,0.00,56.00,23.10
1293,3,4,2025-02-06,IN,71.00,0.00,23.20
1294,3,4,2025-02-08,OUT,0.00,85.00,22.89
1295,3,4,2025-02-12,IN,88.00,0.00,21.84
1296,3,4,2025-02-14,OUT,0.00,127.00,21.80
1297,3,4,2025-02-18,IN,155.00,0.00,22.69
1298,3,4,2025-02-20,OUT,0.00,99.00,22.95
1299,3,4,2025-02-24,IN,69.00,0.00,23.14
1300,3,4,2025-02-26,OUT,0.00,120.00,23.36
1301,3,4,2025-03-02,IN,96.00,0.00,22.66
1302,3,4,2025-03-04,OUT,0.00,74.00,22.67
1303,3,4,2025-03-08,IN,162.00,0.00,23.09
1304,3,4,2025-03-10,OUT,0.00,71.00,22.27
1305,3,4,2025-03-14,IN,152.00,0.00,21.72
1306,3,4,2025-03-16,OUT,0.00,57.00,23.34
1307,3,4,2025-03-20,IN,92.00,0.00,22.80
1308,3,4,2025-03-22,OUT,0.00,81.00,23.22
1309,3,4,2025-03-26,IN,134.00,0.00,22.24
1310,3,4,2025-03-28,OUT,0.00,84.00,21.81
1311,3,4,2025-04-01,IN,128.00,0.00,21.90
1312,3,4,2025-04-03,OUT,0.00,109.00,22.84
1313,3,4,2025-04-07,IN,129.00,0.00,21.90
1314,3,4,2025-04-09,OUT,0.00,98.00,23.36
1315,3,4,2025-04-13,IN,81.00,0.00,21.95
1316,3,4,2025-04-15,OUT,0.00,81.00,21.70
1317,3,4,2025-04-19,IN,119.00,0.00,21.75
1318,3,4,2025-04-21,OUT,0.00,38.00,21.80
1319,3,4,2025-04-25,IN,126.00,0.00,22.09
1320,3,4,2025-04-27,OUT,0.00,116.00,22.52
1321,4,4,2025-01-01,IN,91.00,0.00,26.60
1322,4,4,2025-01-03,OUT,0.00,115.00,27.77
1323,4,4,2025-01-07,IN,64.00,0.00,27.04
1324,4,4,2025-01-09,OUT,0.00,113.00,27.89
1325,4,4,2025-01-13,IN,46.00,0.00,27.85
1326,4,4,2025-01-15,OUT,0.00,17.00,27.38
1327,4,4,2025-01-19,IN,76.00,0.00,26.57
1328,4,4,2025-01-21,OUT,0.00,28.00,27.26
1329,4,4,2025-01-25,IN,154.00,0.00,27.16
1330,4,4,2025-01-27,OUT,0.00,135.00,27.19
1331,4,4,2025-01-31,IN,172.00,0.00,26.59
1332,4,4,2025-02-02,OUT,0.00,58.00,27.38
1333,4,4,2025-02-06,IN,56.00,0.00,27.04
1334,4,4,2025-02-08,OUT,0.00,48.00,26.36
1335,4,4,2025-02-12,IN,127.00,0.00,26.61
1336,4,4,2025-02-14,OUT,0.00,122.00,27.39
1337,4,4,2025-02-18,IN,72.00,0.00,27.33
1338,4,4,2025-02-20,OUT,0.00,96.00,28.03
1339,4,4,2025-02-24,IN,156.00,0.00,26.83
1340,4,4,2025-02-26,OUT,0.00,95.00,27.42
1341,4,4,2025-03-02,IN,27.00,0.00,27.21
1342,4,4,2025-03-04,OUT,0.00,68.00,27.97
1343,4,4,2025-03-08,IN,163.00,0.00,27.34
1344,4,4,2025-03-10,OUT,0.00,44.00,27.36
1345,4,4,2025-03-14,IN,70.00,0.00,27.29
1346,4,4,2025-03-16,OUT,0.00,125.00,26.77
1347,4,4,2025-03-20,IN,127.00,0.00,27.33
1348,4,4,2025-03-22,OUT,0.00,110.00,26.72
1349,4,4,2025-03-26,IN,80.00,0.00,28.21
1350,4,4,2025-03-28,OUT,0.00,128.00,27.15
1351,4,4,2025-04-01,IN,128.00,0.00,27.64
1352,4,4,2025-04-03,OUT,0.00,87.00,28.08
1353,4,4,2025-04-07,IN,133.00,0.00,27.04
1354,4,4,2025-04-09,OUT,0.00,11.00,28.34
1355,4,4,2025-04-13,IN,28.00,0.00,27.45
1356,4,4,2025-04-15,OUT,0.00,89.00,28.08
1357,4,4,2025-04-19,IN,176.00,0.00,27.06
1358,4,4,2025-04-21,OUT,0.00,106.00,27.89
1359,4,4,2025-04-25,IN,133.00,0.00,28.32
1360,4,4,2025-04-27,OUT,0.00,37.00,27.73
1361,5,4,2025-01-01,IN,40.00,0.00,16.18
1362,5,4,2025-01-03,OUT,0.00,57.00,15.62
1363,5,4,2025-01-07,IN,104.00,0.00,15.65
1364,5,4,2025-01-09,OUT,0.00,81.00,15.94
1365,5,4,2025-01-13,IN,100.00,0.00,15.53
1366,5,4,2025-01-15,OUT,0.00,96.00,15.41
1367,5,4,2025-01-19,IN,80.00,0.00,15.42
1368,5,4,2025-01-21,OUT,0.00,100.00,15.33
1369,5,4,2025-01-25,IN,93.00,0.00,15.68
1370,5,4,2025-01-27,OUT,0.00,127.00,15.12
1371,5,4,2025-01-31,IN,145.00,0.00,16.05
1372,5,4,2025-02-02,OUT,0.00,115.00,16.21
1373,5,4,2025-02-06,IN,91.00,0.00,15.67
1374,5,4,2025-02-08,OUT,0.00,11.00,15.93
1375,5,4,2025-02-12,IN,55.00,0.00,15.18
1376,5,4,2025-02-14,OUT,0.00,20.00,15.84
1377,5,4,2025-02-18,IN,100.00,0.00,16.11
1378,5,4,2025-02-20,OUT,0.00,121.00,15.87
1379,5,4,2025-02-24,IN,36.00,0.00,15.17
1380,5,4,2025-02-26,OUT,0.00,69.00,15.05
1381,5,4,2025-03-02,IN,136.00,0.00,16.13
1382,5,4,2025-03-04,OUT,0.00,57.00,15.69
1383,5,4,2025-03-08,IN,74.00,0.00,15.40
1384,5,4,2025-03-10,OUT,0.00,113.00,15.28
1385,5,4,2025-03-14,IN,163.00,0.00,15.14
1386,5,4,2025-03-16,OUT,0.00,12.00,15.41
1387,5,4,2025-03-20,IN,96.00,0.00,15.79
1388,5,4,2025-03-22,OUT,0.00,132.00,15.22
1389,5,4,2025-03-26,IN,124.00,0.00,15.31
1390,5,4,2025-03-28,OUT,0.00,58.00,15.02
1391,5,4,2025-04-01,IN,91.00,0.00,15.59
1392,5,4,2025-04-03,OUT,0.00,63.00,15.30
1393,5,4,2025-04-07,IN,152.00,0.00,15.89
1394,5,4,2025-04-09,OUT,0.00,13.00,16.00
1395,5,4,2025-04-13,IN,135.00,0.00,15.90
1396,5,4,2025-04-15,OUT,0.00,93.00,15.26
1397,5,4,2025-04-19,IN,50.00,0.00,15.79
1398,5,4,2025-04-21,OUT,0.00,71.00,15.27
1399,5,4,2025-04-25,IN,82.00,0.00,15.19
1400,5,4,2025-04-27,OUT,0.00,83.00,15.44
1401,6,4,2025-01-01,IN,77.00,0.00,10.71
1402,6,4,2025-01-03,OUT,0.00,50.00,11.05
1403,6,4,2025-01-07,IN,77.00,0.00,10.60
1404,6,4,2025-01-09,OUT,0.00,64.00,10.68
1405,6,4,2025-01-13,IN,65.00,0.00,10.88
1406,6,4,2025-01-15,OUT,0.00,53.00,11.16
1407,6,4,2025-01-19,IN,99.00,0.00,11.00
1408,6,4,2025-01-21,OUT,0.00,31.00,10.50
1409,6,4,2025-01-25,IN,171.00,0.00,11.10
1410,6,4,2025-01-27,OUT,0.00,36.00,11.13
1411,6,4,2025-01-31,IN,33.00,0.00,10.76
1412,6,4,2025-02-02,OUT,0.00,27.00,10.61
1413,6,4,2025-02-06,IN,42.00,0.00,10.76
1414,6,4,2025-02-08,OUT,0.00,17.00,10.80
1415,6,4,2025-02-12,IN,48.00,0.00,11.19
1416,6,4,2025-02-14,OUT,0.00,85.00,10.79
1417,6,4,2025-02-18,IN,58.00,0.00,11.04
1418,6,4,2025-02-20,OUT,0.00,125.00,11.03
1419,6,4,2025-02-24,IN,176.00,0.00,10.88
1420,6,4,2025-02-26,OUT,0.00,114.00,10.75
1421,6,4,2025-03-02,IN,143.00,0.00,10.56
1422,6,4,2025-03-04,OUT,0.00,90.00,10.86
1423,6,4,2025-03-08,IN,133.00,0.00,11.26
1424,6,4,2025-03-10,OUT,0.00,70.00,10.63
1425,6,4,2025-03-14,IN,148.00,0.00,10.63
1426,6,4,2025-03-16,OUT,0.00,60.00,10.95
1427,6,4,2025-03-20,IN,142.00,0.00,10.76
1428,6,4,2025-03-22,OUT,0.00,22.00,11.20
1429,6,4,2025-03-26,IN,54.00,0.00,11.25
1430,6,4,2025-03-28,OUT,0.00,42.00,11.21
1431,6,4,2025-04-01,IN,100.00,0.00,11.12
1432,6,4,2025-04-03,OUT,0.00,91.00,11.20
1433,6,4,2025-04-07,IN,44.00,0.00,11.33
1434,6,4,2025-04-09,OUT,0.00,26.00,10.68
1435,6,4,2025-04-13,IN,62.00,0.00,10.67
1436,6,4,2025-04-15,OUT,0.00,113.00,11.21
1437,6,4,2025-04-19,IN,109.00,0.00,11.30
1438,6,4,2025-04-21,OUT,0.00,86.00,10.51
1439,6,4,2025-04-25,IN,180.00,0.00,10.69
1440,6,4,2025-04-27,OUT,0.00,58.00,10.98
1441,7,4,2025-01-01,IN,46.00,0.00,75.02
1442,7,4,2025-01-03,OUT,0.00,128.00,78.48
1443,7,4,2025-01-07,IN,84.00,0.00,79.27
1444,7,4,2025-01-09,OUT,0.00,130.00,76.97
1445,7,4,2025-01-13,IN,116.00,0.00,78.98
1446,7,4,2025-01-15,OUT,0.00,120.00,77.38
1447,7,4,2025-01-19,IN,45.00,0.00,75.90
1448,7,4,2025-01-21,OUT,0.00,139.00,78.68
1449,7,4,2025-01-25,IN,67.00,0.00,77.07
1450,7,4,2025-01-27,OUT,0.00,76.00,74.15
1451,7,4,2025-01-31,IN,166.00,0.00,79.17
1452,7,4,2025-02-02,OUT,0.00,138.00,75.26
1453,7,4,2025-02-06,IN,152.00,0.00,76.53
1454,7,4,2025-02-08,OUT,0.00,11.00,74.98
1455,7,4,2025-02-12,IN,109.00,0.00,76.95
1456,7,4,2025-02-14,OUT,0.00,93.00,74.28
1457,7,4,2025-02-18,IN,102.00,0.00,77.99
1458,7,4,2025-02-20,OUT,0.00,60.00,75.83
1459,7,4,2025-02-24,IN,173.00,0.00,73.89
1460,7,4,2025-02-26,OUT,0.00,106.00,78.34
1461,7,4,2025-03-02,IN,126.00,0.00,78.41
1462,7,4,2025-03-04,OUT,0.00,94.00,73.96
1463,7,4,2025-03-08,IN,80.00,0.00,78.38
1464,7,4,2025-03-10,OUT,0.00,140.00,77.54
1465,7,4,2025-03-14,IN,142.00,0.00,74.14
1466,7,4,2025-03-16,OUT,0.00,45.00,75.29
1467,7,4,2025-03-20,IN,160.00,0.00,77.43
1468,7,4,2025-03-22,OUT,0.00,81.00,78.94
1469,7,4,2025-03-26,IN,156.00,0.00,76.92
1470,7,4,2025-03-28,OUT,0.00,115.00,79.17
1471,7,4,2025-04-01,IN,69.00,0.00,73.75
1472,7,4,2025-04-03,OUT,0.00,97.00,78.06
1473,7,4,2025-04-07,IN,88.00,0.00,79.23
1474,7,4,2025-04-09,OUT,0.00,123.00,79.27
1475,7,4,2025-04-13,IN,174.00,0.00,74.70
1476,7,4,2025-04-15,OUT,0.00,110.00,77.15
1477,7,4,2025-04-19,IN,76.00,0.00,74.06
1478,7,4,2025-04-21,OUT,0.00,13.00,78.06
1479,7,4,2025-04-25,IN,132.00,0.00,73.51
1480,7,4,2025-04-27,OUT,0.00,39.00,76.64
1481,8,4,2025-01-01,IN,117.00,0.00,71.92
1482,8,4,2025-01-03,OUT,0.00,11.00,67.39
1483,8,4,2025-01-07,IN,103.00,0.00,71.93
1484,8,4,2025-01-09,OUT,0.00,24.00,71.85
1485,8,4,2025-01-13,IN,131.00,0.00,68.43
1486,8,4,2025-01-15,OUT,0.00,27.00,67.21
1487,8,4,2025-01-19,IN,93.00,0.00,71.51
1488,8,4,2025-01-21,OUT,0.00,128.00,70.13
1489,8,4,2025-01-25,IN,105.00,0.00,70.16
1490,8,4,2025-01-27,OUT,0.00,131.00,71.09
1491,8,4,2025-01-31,IN,68.00,0.00,71.31
1492,8,4,2025-02-02,OUT,0.00,100.00,68.92
1493,8,4,2025-02-06,IN,131.00,0.00,71.24
1494,8,4,2025-02-08,OUT,0.00,124.00,70.75
1495,8,4,2025-02-12,IN,180.00,0.00,67.87
1496,8,4,2025-02-14,OUT,0.00,16.00,71.93
1497,8,4,2025-02-18,IN,86.00,0.00,70.96
1498,8,4,2025-02-20,OUT,0.00,103.00,71.86
1499,8,4,2025-02-24,IN,129.00,0.00,70.26
1500,8,4,2025-02-26,OUT,0.00,105.00,72.48
1501,8,4,2025-03-02,IN,120.00,0.00,71.34
1502,8,4,2025-03-04,OUT,0.00,114.00,71.99
1503,8,4,2025-03-08,IN,142.00,0.00,69.91
1504,8,4,2025-03-10,OUT,0.00,65.00,71.92
1505,8,4,2025-03-14,IN,123.00,0.00,71.63
1506,8,4,2025-03-16,OUT,0.00,62.00,70.89
1507,8,4,2025-03-20,IN,84.00,0.00,70.88
1508,8,4,2025-03-22,OUT,0.00,39.00,67.96
1509,8,4,2025-03-26,IN,100.00,0.00,71.66
1510,8,4,2025-03-28,OUT,0.00,14.00,70.53
1511,8,4,2025-04-01,IN,84.00,0.00,69.92
1512,8,4,2025-04-03,OUT,0.00,82.00,68.57
1513,8,4,2025-04-07,IN,65.00,0.00,71.25
1514,8,4,2025-04-09,OUT,0.00,90.00,68.53
1515,8,4,2025-04-13,IN,57.00,0.00,70.12
1516,8,4,2025-04-15,OUT,0.00,27.00,70.61
1517,8,4,2025-04-19,IN,144.00,0.00,69.88
1518,8,4,2025-04-21,OUT,0.00,68.00,71.90
1519,8,4,2025-04-25,IN,72.00,0.00,68.89
1520,8,4,2025-04-27,OUT,0.00,94.00,69.27
1521,9,4,2025-01-01,IN,96.00,0.00,15.11
1522,9,4,2025-01-03,OUT,0.00,102.00,15.41
1523,9,4,2025-01-07,IN,46.00,0.00,15.21
1524,9,4,2025-01-09,OUT,0.00,117.00,15.74
1525,9,4,2025-01-13,IN,41.00,0.00,14.88
1526,9,4,2025-01-15,OUT,0.00,56.00,15.62
1527,9,4,2025-01-19,IN,109.00,0.00,15.51
1528,9,4,2025-01-21,OUT,0.00,61.00,14.78
1529,9,4,2025-01-25,IN,154.00,0.00,14.91
1530,9,4,2025-01-27,OUT,0.00,105.00,15.43
1531,9,4,2025-01-31,IN,140.00,0.00,15.59
1532,9,4,2025-02-02,OUT,0.00,87.00,15.77
1533,9,4,2025-02-06,IN,176.00,0.00,14.98
1534,9,4,2025-02-08,OUT,0.00,124.00,14.80
1535,9,4,2025-02-12,IN,40.00,0.00,14.67
1536,9,4,2025-02-14,OUT,0.00,136.00,15.54
1537,9,4,2025-02-18,IN,61.00,0.00,15.54
1538,9,4,2025-02-20,OUT,0.00,134.00,14.83
1539,9,4,2025-02-24,IN,178.00,0.00,15.73
1540,9,4,2025-02-26,OUT,0.00,98.00,14.78
1541,9,4,2025-03-02,IN,179.00,0.00,15.24
1542,9,4,2025-03-04,OUT,0.00,53.00,15.45
1543,9,4,2025-03-08,IN,129.00,0.00,15.76
1544,9,4,2025-03-10,OUT,0.00,22.00,14.94
1545,9,4,2025-03-14,IN,173.00,0.00,15.75
1546,9,4,2025-03-16,OUT,0.00,76.00,15.07
1547,9,4,2025-03-20,IN,63.00,0.00,15.54
1548,9,4,2025-03-22,OUT,0.00,87.00,15.56
1549,9,4,2025-03-26,IN,73.00,0.00,14.61
1550,9,4,2025-03-28,OUT,0.00,132.00,14.79
1551,9,4,2025-04-01,IN,161.00,0.00,15.47
1552,9,4,2025-04-03,OUT,0.00,72.00,15.60
1553,9,4,2025-04-07,IN,99.00,0.00,15.08
1554,9,4,2025-04-09,OUT,0.00,57.00,14.87
1555,9,4,2025-04-13,IN,26.00,0.00,14.95
1556,9,4,2025-04-15,OUT,0.00,41.00,14.62
1557,9,4,2025-04-19,IN,91.00,0.00,14.67
1558,9,4,2025-04-21,OUT,0.00,33.00,15.77
1559,9,4,2025-04-25,IN,157.00,0.00,14.87
1560,9,4,2025-04-27,OUT,0.00,106.00,15.47
1561,10,4,2025-01-01,IN,96.00,0.00,12.48
1562,10,4,2025-01-03,OUT,0.00,78.00,11.64
1563,10,4,2025-01-07,IN,32.00,0.00,12.13
1564,10,4,2025-01-09,OUT,0.00,13.00,12.28
1565,10,4,2025-01-13,IN,155.00,0.00,11.65
1566,10,4,2025-01-15,OUT,0.00,69.00,11.65
1567,10,4,2025-01-19,IN,111.00,0.00,11.72
1568,10,4,2025-01-21,OUT,0.00,47.00,11.88
1569,10,4,2025-01-25,IN,155.00,0.00,12.28
1570,10,4,2025-01-27,OUT,0.00,12.00,12.39
1571,10,4,2025-01-31,IN,152.00,0.00,12.17
1572,10,4,2025-02-02,OUT,0.00,62.00,12.40
1573,10,4,2025-02-06,IN,27.00,0.00,12.10
1574,10,4,2025-02-08,OUT,0.00,117.00,11.73
1575,10,4,2025-02-12,IN,151.00,0.00,11.86
1576,10,4,2025-02-14,OUT,0.00,107.00,11.68
1577,10,4,2025-02-18,IN,165.00,0.00,12.36
1578,10,4,2025-02-20,OUT,0.00,102.00,11.74
1579,10,4,2025-02-24,IN,39.00,0.00,11.73
1580,10,4,2025-02-26,OUT,0.00,129.00,12.09
1581,10,4,2025-03-02,IN,153.00,0.00,12.39
1582,10,4,2025-03-04,OUT,0.00,75.00,11.61
1583,10,4,2025-03-08,IN,103.00,0.00,12.22
1584,10,4,2025-03-10,OUT,0.00,64.00,12.27
1585,10,4,2025-03-14,IN,152.00,0.00,12.22
1586,10,4,2025-03-16,OUT,0.00,50.00,11.69
1587,10,4,2025-03-20,IN,149.00,0.00,12.39
1588,10,4,2025-03-22,OUT,0.00,130.00,11.83
1589,10,4,2025-03-26,IN,147.00,0.00,12.35
1590,10,4,2025-03-28,OUT,0.00,32.00,11.67
1591,10,4,2025-04-01,IN,57.00,0.00,12.31
1592,10,4,2025-04-03,OUT,0.00,90.00,12.41
1593,10,4,2025-04-07,IN,38.00,0.00,12.28
1594,10,4,2025-04-09,OUT,0.00,27.00,11.85
1595,10,4,2025-04-13,IN,86.00,0.00,11.67
1596,10,4,2025-04-15,OUT,0.00,53.00,12.27
1597,10,4,2025-04-19,IN,178.00,0.00,12.26
1598,10,4,2025-04-21,OUT,0.00,80.00,12.19
1599,10,4,2025-04-25,IN,111.00,0.00,11.63
1600,10,4,2025-04-27,OUT,0.00,132.00,11.75
1601,1,5,2025-01-01,IN,150.00,0.00,18.31
1602,1,5,2025-01-03,OUT,0.00,82.00,18.82
1603,1,5,2025-01-07,IN,130.00,0.00,19.42
1604,1,5,2025-01-09,OUT,0.00,92.00,18.50
1605,1,5,2025-01-13,IN,166.00,0.00,19.21
1606,1,5,2025-01-15,OUT,0.00,133.00,18.20
1607,1,5,2025-01-19,IN,74.00,0.00,19.47
1608,1,5,2025-01-21,OUT,0.00,85.00,19.22
1609,1,5,2025-01-25,IN,111.00,0.00,19.19
1610,1,5,2025-01-27,OUT,0.00,99.00,18.78
1611,1,5,2025-01-31,IN,129.00,0.00,19.02
1612,1,5,2025-02-02,OUT,0.00,13.00,18.91
1613,1,5,2025-02-06,IN,51.00,0.00,19.04
1614,1,5,2025-02-08,OUT,0.00,29.00,18.86
1615,1,5,2025-02-12,IN,55.00,0.00,18.61
1616,1,5,2025-02-14,OUT,0.00,96.00,19.46
1617,1,5,2025-02-18,IN,99.00,0.00,18.87
1618,1,5,2025-02-20,OUT,0.00,132.00,19.32
1619,1,5,2025-02-24,IN,103.00,0.00,18.57
1620,1,5,2025-02-26,OUT,0.00,31.00,19.30
1621,1,5,2025-03-02,IN,65.00,0.00,18.17
1622,1,5,2025-03-04,OUT,0.00,119.00,18.32
1623,1,5,2025-03-08,IN,147.00,0.00,18.23
1624,1,5,2025-03-10,OUT,0.00,124.00,19.44
1625,1,5,2025-03-14,IN,54.00,0.00,18.32
1626,1,5,2025-03-16,OUT,0.00,76.00,18.36
1627,1,5,2025-03-20,IN,78.00,0.00,18.79
1628,1,5,2025-03-22,OUT,0.00,135.00,18.99
1629,1,5,2025-03-26,IN,175.00,0.00,19.41
1630,1,5,2025-03-28,OUT,0.00,123.00,18.30
1631,1,5,2025-04-01,IN,44.00,0.00,19.42
1632,1,5,2025-04-03,OUT,0.00,60.00,19.26
1633,1,5,2025-04-07,IN,62.00,0.00,19.37
1634,1,5,2025-04-09,OUT,0.00,106.00,18.52
1635,1,5,2025-04-13,IN,150.00,0.00,19.37
1636,1,5,2025-04-15,OUT,0.00,114.00,19.56
1637,1,5,2025-04-19,IN,79.00,0.00,18.85
1638,1,5,2025-04-21,OUT,0.00,47.00,19.53
1639,1,5,2025-04-25,IN,75.00,0.00,18.15
1640,1,5,2025-04-27,OUT,0.00,56.00,18.19
1641,2,5,2025-01-01,IN,171.00,0.00,12.78
1642,2,5,2025-01-03,OUT,0.00,93.00,12.61
1643,2,5,2025-01-07,IN,142.00,0.00,12.72
1644,2,5,2025-01-09,OUT,0.00,15.00,12.74
1645,2,5,2025-01-13,IN,40.00,0.00,12.67
1646,2,5,2025-01-15,OUT,0.00,84.00,13.05
1647,2,5,2025-01-19,IN,162.00,0.00,12.87
1648,2,5,2025-01-21,OUT,0.00,89.00,12.25
1649,2,5,2025-01-25,IN,47.00,0.00,12.66
1650,2,5,2025-01-27,OUT,0.00,109.00,12.54
1651,2,5,2025-01-31,IN,54.00,0.00,12.43
1652,2,5,2025-02-02,OUT,0.00,27.00,12.73
1653,2,5,2025-02-06,IN,47.00,0.00,12.23
1654,2,5,2025-02-08,OUT,0.00,130.00,12.40
1655,2,5,2025-02-12,IN,26.00,0.00,12.95
1656,2,5,2025-02-14,OUT,0.00,128.00,12.33
1657,2,5,2025-02-18,IN,177.00,0.00,12.18
1658,2,5,2025-02-20,OUT,0.00,60.00,12.75
1659,2,5,2025-02-24,IN,22.00,0.00,12.75
1660,2,5,2025-02-26,OUT,0.00,54.00,12.67
1661,2,5,2025-03-02,IN,168.00,0.00,12.39
1662,2,5,2025-03-04,OUT,0.00,67.00,12.38
1663,2,5,2025-03-08,IN,141.00,0.00,12.22
1664,2,5,2025-03-10,OUT,0.00,63.00,12.98
1665,2,5,2025-03-14,IN,134.00,0.00,12.47
1666,2,5,2025-03-16,OUT,0.00,88.00,12.57
1667,2,5,2025-03-20,IN,50.00,0.00,12.27
1668,2,5,2025-03-22,OUT,0.00,97.00,12.90
1669,2,5,2025-03-26,IN,80.00,0.00,12.59
1670,2,5,2025-03-28,OUT,0.00,87.00,12.94
1671,2,5,2025-04-01,IN,76.00,0.00,12.71
1672,2,5,2025-04-03,OUT,0.00,68.00,12.99
1673,2,5,2025-04-07,IN,145.00,0.00,12.86
1674,2,5,2025-04-09,OUT,0.00,33.00,13.01
1675,2,5,2025-04-13,IN,123.00,0.00,12.25
1676,2,5,2025-04-15,OUT,0.00,65.00,13.07
1677,2,5,2025-04-19,IN,84.00,0.00,12.41
1678,2,5,2025-04-21,OUT,0.00,29.00,12.39
1679,2,5,2025-04-25,IN,145.00,0.00,12.42
1680,2,5,2025-04-27,OUT,0.00,140.00,13.12
1681,3,5,2025-01-01,IN,25.00,0.00,21.73
1682,3,5,2025-01-03,OUT,0.00,111.00,22.92
1683,3,5,2025-01-07,IN,171.00,0.00,22.50
1684,3,5,2025-01-09,OUT,0.00,66.00,22.23
1685,3,5,2025-01-13,IN,102.00,0.00,23.11
1686,3,5,2025-01-15,OUT,0.00,63.00,22.92
1687,3,5,2025-01-19,IN,69.00,0.00,22.87
1688,3,5,2025-01-21,OUT,0.00,90.00,22.15
1689,3,5,2025-01-25,IN,20.00,0.00,22.80
1690,3,5,2025-01-27,OUT,0.00,140.00,22.87
1691,3,5,2025-01-31,IN,25.00,0.00,22.51
1692,3,5,2025-02-02,OUT,0.00,17.00,22.48
1693,3,5,2025-02-06,IN,37.00,0.00,22.96
1694,3,5,2025-02-08,OUT,0.00,44.00,21.70
1695,3,5,2025-02-12,IN,71.00,0.00,22.58
1696,3,5,2025-02-14,OUT,0.00,114.00,23.17
1697,3,5,2025-02-18,IN,71.00,0.00,22.89
1698,3,5,2025-02-20,OUT,0.00,110.00,22.10
1699,3,5,2025-02-24,IN,157.00,0.00,22.46
1700,3,5,2025-02-26,OUT,0.00,103.00,21.69
1701,3,5,2025-03-02,IN,156.00,0.00,22.43
1702,3,5,2025-03-04,OUT,0.00,94.00,22.31
1703,3,5,2025-03-08,IN,102.00,0.00,23.33
1704,3,5,2025-03-10,OUT,0.00,83.00,22.38
1705,3,5,2025-03-14,IN,78.00,0.00,21.92
1706,3,5,2025-03-16,OUT,0.00,77.00,22.34
1707,3,5,2025-03-20,IN,143.00,0.00,22.80
1708,3,5,2025-03-22,OUT,0.00,96.00,23.19
1709,3,5,2025-03-26,IN,29.00,0.00,21.98
1710,3,5,2025-03-28,OUT,0.00,92.00,23.06
1711,3,5,2025-04-01,IN,27.00,0.00,23.32
1712,3,5,2025-04-03,OUT,0.00,38.00,23.16
1713,3,5,2025-04-07,IN,97.00,0.00,22.82
1714,3,5,2025-04-09,OUT,0.00,111.00,22.86
1715,3,5,2025-04-13,IN,59.00,0.00,23.40
1716,3,5,2025-04-15,OUT,0.00,84.00,22.75
1717,3,5,2025-04-19,IN,44.00,0.00,22.56
1718,3,5,2025-04-21,OUT,0.00,20.00,22.69
1719,3,5,2025-04-25,IN,40.00,0.00,22.96
1720,3,5,2025-04-27,OUT,0.00,44.00,21.78
1721,4,5,2025-01-01,IN,160.00,0.00,27.62
1722,4,5,2025-01-03,OUT,0.00,52.00,27.51
1723,4,5,2025-01-07,IN,83.00,0.00,27.99
1724,4,5,2025-01-09,OUT,0.00,127.00,26.86
1725,4,5,2025-01-13,IN,99.00,0.00,26.53
1726,4,5,2025-01-15,OUT,0.00,25.00,27.46
1727,4,5,2025-01-19,IN,132.00,0.00,28.22
1728,4,5,2025-01-21,OUT,0.00,52.00,26.88
1729,4,5,2025-01-25,IN,156.00,0.00,27.79
1730,4,5,2025-01-27,OUT,0.00,61.00,27.64
1731,4,5,2025-01-31,IN,52.00,0.00,28.02
1732,4,5,2025-02-02,OUT,0.00,57.00,27.50
1733,4,5,2025-02-06,IN,140.00,0.00,26.96
1734,4,5,2025-02-08,OUT,0.00,129.00,27.01
1735,4,5,2025-02-12,IN,49.00,0.00,28.24
1736,4,5,2025-02-14,OUT,0.00,96.00,26.55
1737,4,5,2025-02-18,IN,123.00,0.00,27.86
1738,4,5,2025-02-20,OUT,0.00,66.00,26.64
1739,4,5,2025-02-24,IN,171.00,0.00,27.32
1740,4,5,2025-02-26,OUT,0.00,95.00,28.12
1741,4,5,2025-03-02,IN,126.00,0.00,27.52
1742,4,5,2025-03-04,OUT,0.00,13.00,26.84
1743,4,5,2025-03-08,IN,20.00,0.00,27.57
1744,4,5,2025-03-10,OUT,0.00,31.00,27.49
1745,4,5,2025-03-14,IN,73.00,0.00,27.62
1746,4,5,2025-03-16,OUT,0.00,10.00,26.62
1747,4,5,2025-03-20,IN,160.00,0.00,26.48
1748,4,5,2025-03-22,OUT,0.00,13.00,26.70
1749,4,5,2025-03-26,IN,177.00,0.00,28.12
1750,4,5,2025-03-28,OUT,0.00,105.00,27.95
1751,4,5,2025-04-01,IN,180.00,0.00,27.63
1752,4,5,2025-04-03,OUT,0.00,14.00,27.83
1753,4,5,2025-04-07,IN,43.00,0.00,28.32
1754,4,5,2025-04-09,OUT,0.00,29.00,27.70
1755,4,5,2025-04-13,IN,98.00,0.00,26.60
1756,4,5,2025-04-15,OUT,0.00,130.00,28.09
1757,4,5,2025-04-19,IN,144.00,0.00,26.39
1758,4,5,2025-04-21,OUT,0.00,120.00,26.37
1759,4,5,2025-04-25,IN,104.00,0.00,27.00
1760,4,5,2025-04-27,OUT,0.00,107.00,28.33
1761,5,5,2025-01-01,IN,120.00,0.00,15.19
1762,5,5,2025-01-03,OUT,0.00,42.00,15.47
1763,5,5,2025-01-07,IN,52.00,0.00,15.45
1764,5,5,2025-01-09,OUT,0.00,73.00,15.00
1765,5,5,2025-01-13,IN,180.00,0.00,15.40
1766,5,5,2025-01-15,OUT,0.00,136.00,16.16
1767,5,5,2025-01-19,IN,21.00,0.00,15.80
1768,5,5,2025-01-21,OUT,0.00,70.00,15.78
1769,5,5,2025-01-25,IN,179.00,0.00,15.36
1770,5,5,2025-01-27,OUT,0.00,18.00,16.19
1771,5,5,2025-01-31,IN,56.00,0.00,15.32
1772,5,5,2025-02-02,OUT,0.00,139.00,15.56
1773,5,5,2025-02-06,IN,159.00,0.00,15.66
1774,5,5,2025-02-08,OUT,0.00,97.00,15.78
1775,5,5,2025-02-12,IN,40.00,0.00,15.56
1776,5,5,2025-02-14,OUT,0.00,121.00,15.83
1777,5,5,2025-02-18,IN,84.00,0.00,15.99
1778,5,5,2025-02-20,OUT,0.00,52.00,16.02
1779,5,5,2025-02-24,IN,135.00,0.00,15.51
1780,5,5,2025-02-26,OUT,0.00,75.00,15.82
1781,5,5,2025-03-02,IN,29.00,0.00,15.27
1782,5,5,2025-03-04,OUT,0.00,53.00,15.98
1783,5,5,2025-03-08,IN,66.00,0.00,15.15
1784,5,5,2025-03-10,OUT,0.00,74.00,15.97
1785,5,5,2025-03-14,IN,41.00,0.00,15.91
1786,5,5,2025-03-16,OUT,0.00,57.00,15.59
1787,5,5,2025-03-20,IN,176.00,0.00,16.14
1788,5,5,2025-03-22,OUT,0.00,105.00,15.65
1789,5,5,2025-03-26,IN,60.00,0.00,15.62
1790,5,5,2025-03-28,OUT,0.00,18.00,15.39
1791,5,5,2025-04-01,IN,66.00,0.00,15.15
1792,5,5,2025-04-03,OUT,0.00,14.00,15.50
1793,5,5,2025-04-07,IN,25.00,0.00,15.41
1794,5,5,2025-04-09,OUT,0.00,104.00,15.61
1795,5,5,2025-04-13,IN,144.00,0.00,15.68
1796,5,5,2025-04-15,OUT,0.00,115.00,15.46
1797,5,5,2025-04-19,IN,52.00,0.00,16.18
1798,5,5,2025-04-21,OUT,0.00,37.00,15.28
1799,5,5,2025-04-25,IN,171.00,0.00,15.11
1800,5,5,2025-04-27,OUT,0.00,123.00,15.08
1801,6,5,2025-01-01,IN,145.00,0.00,10.75
1802,6,5,2025-01-03,OUT,0.00,17.00,10.79
1803,6,5,2025-01-07,IN,23.00,0.00,11.04
1804,6,5,2025-01-09,OUT,0.00,121.00,10.95
1805,6,5,2025-01-13,IN,52.00,0.00,10.55
1806,6,5,2025-01-15,OUT,0.00,91.00,11.14
1807,6,5,2025-01-19,IN,111.00,0.00,10.64
1808,6,5,2025-01-21,OUT,0.00,16.00,10.81
1809,6,5,2025-01-25,IN,34.00,0.00,11.06
1810,6,5,2025-01-27,OUT,0.00,43.00,10.74
1811,6,5,2025-01-31,IN,143.00,0.00,11.25
1812,6,5,2025-02-02,OUT,0.00,43.00,10.86
1813,6,5,2025-02-06,IN,41.00,0.00,11.13
1814,6,5,2025-02-08,OUT,0.00,123.00,11.02
1815,6,5,2025-02-12,IN,165.00,0.00,11.12
1816,6,5,2025-02-14,OUT,0.00,62.00,10.74
1817,6,5,2025-02-18,IN,85.00,0.00,10.59
1818,6,5,2025-02-20,OUT,0.00,132.00,10.78
1819,6,5,2025-02-24,IN,55.00,0.00,11.11
1820,6,5,2025-02-26,OUT,0.00,92.00,10.79
1821,6,5,2025-03-02,IN,91.00,0.00,11.28
1822,6,5,2025-03-04,OUT,0.00,51.00,11.07
1823,6,5,2025-03-08,IN,169.00,0.00,11.05
1824,6,5,2025-03-10,OUT,0.00,125.00,11.05
1825,6,5,2025-03-14,IN,112.00,0.00,11.14
1826,6,5,2025-03-16,OUT,0.00,31.00,10.56
1827,6,5,2025-03-20,IN,136.00,0.00,11.10
1828,6,5,2025-03-22,OUT,0.00,48.00,10.76
1829,6,5,2025-03-26,IN,104.00,0.00,10.68
1830,6,5,2025-03-28,OUT,0.00,54.00,10.62
1831,6,5,2025-04-01,IN,101.00,0.00,10.60
1832,6,5,2025-04-03,OUT,0.00,50.00,10.80
1833,6,5,2025-04-07,IN,166.00,0.00,11.01
1834,6,5,2025-04-09,OUT,0.00,97.00,10.92
1835,6,5,2025-04-13,IN,172.00,0.00,10.82
1836,6,5,2025-04-15,OUT,0.00,11.00,11.02
1837,6,5,2025-04-19,IN,50.00,0.00,10.80
1838,6,5,2025-04-21,OUT,0.00,120.00,11.13
1839,6,5,2025-04-25,IN,28.00,0.00,10.83
1840,6,5,2025-04-27,OUT,0.00,133.00,10.63
1841,7,5,2025-01-01,IN,147.00,0.00,74.51
1842,7,5,2025-01-03,OUT,0.00,23.00,79.02
1843,7,5,2025-01-07,IN,24.00,0.00,75.94
1844,7,5,2025-01-09,OUT,0.00,87.00,79.34
1845,7,5,2025-01-13,IN,30.00,0.00,74.10
1846,7,5,2025-01-15,OUT,0.00,109.00,74.57
1847,7,5,2025-01-19,IN,127.00,0.00,75.81
1848,7,5,2025-01-21,OUT,0.00,43.00,76.32
1849,7,5,2025-01-25,IN,85.00,0.00,76.34
1850,7,5,2025-01-27,OUT,0.00,114.00,77.64
1851,7,5,2025-01-31,IN,79.00,0.00,78.99
1852,7,5,2025-02-02,OUT,0.00,84.00,75.75
1853,7,5,2025-02-06,IN,31.00,0.00,79.04
1854,7,5,2025-02-08,OUT,0.00,133.00,78.50
1855,7,5,2025-02-12,IN,177.00,0.00,75.09
1856,7,5,2025-02-14,OUT,0.00,64.00,75.64
1857,7,5,2025-02-18,IN,127.00,0.00,75.63
1858,7,5,2025-02-20,OUT,0.00,33.00,78.63
1859,7,5,2025-02-24,IN,31.00,0.00,73.72
1860,7,5,2025-02-26,OUT,0.00,100.00,74.51
1861,7,5,2025-03-02,IN,108.00,0.00,78.73
1862,7,5,2025-03-04,OUT,0.00,22.00,76.10
1863,7,5,2025-03-08,IN,81.00,0.00,78.03
1864,7,5,2025-03-10,OUT,0.00,109.00,73.91
1865,7,5,2025-03-14,IN,122.00,0.00,77.80
1866,7,5,2025-03-16,OUT,0.00,127.00,76.33
1867,7,5,2025-03-20,IN,113.00,0.00,76.31
1868,7,5,2025-03-22,OUT,0.00,133.00,76.53
1869,7,5,2025-03-26,IN,51.00,0.00,74.72
1870,7,5,2025-03-28,OUT,0.00,62.00,76.07
1871,7,5,2025-04-01,IN,52.00,0.00,73.52
1872,7,5,2025-04-03,OUT,0.00,56.00,74.83
1873,7,5,2025-04-07,IN,48.00,0.00,74.95
1874,7,5,2025-04-09,OUT,0.00,55.00,78.76
1875,7,5,2025-04-13,IN,62.00,0.00,78.11
1876,7,5,2025-04-15,OUT,0.00,93.00,75.93
1877,7,5,2025-04-19,IN,92.00,0.00,75.23
1878,7,5,2025-04-21,OUT,0.00,53.00,79.26
1879,7,5,2025-04-25,IN,106.00,0.00,76.18
1880,7,5,2025-04-27,OUT,0.00,112.00,76.65
1881,8,5,2025-01-01,IN,83.00,0.00,69.13
1882,8,5,2025-01-03,OUT,0.00,68.00,69.95
1883,8,5,2025-01-07,IN,63.00,0.00,69.68
1884,8,5,2025-01-09,OUT,0.00,39.00,67.39
1885,8,5,2025-01-13,IN,22.00,0.00,71.66
1886,8,5,2025-01-15,OUT,0.00,112.00,70.06
1887,8,5,2025-01-19,IN,57.00,0.00,71.48
1888,8,5,2025-01-21,OUT,0.00,93.00,67.11
1889,8,5,2025-01-25,IN,47.00,0.00,69.24
1890,8,5,2025-01-27,OUT,0.00,103.00,69.07
1891,8,5,2025-01-31,IN,159.00,0.00,68.72
1892,8,5,2025-02-02,OUT,0.00,52.00,67.23
1893,8,5,2025-02-06,IN,104.00,0.00,68.66
1894,8,5,2025-02-08,OUT,0.00,102.00,70.67
1895,8,5,2025-02-12,IN,170.00,0.00,68.16
1896,8,5,2025-02-14,OUT,0.00,140.00,71.66
1897,8,5,2025-02-18,IN,25.00,0.00,68.58
1898,8,5,2025-02-20,OUT,0.00,104.00,69.80
1899,8,5,2025-02-24,IN,95.00,0.00,68.16
1900,8,5,2025-02-26,OUT,0.00,42.00,68.91
1901,8,5,2025-03-02,IN,71.00,0.00,68.70
1902,8,5,2025-03-04,OUT,0.00,91.00,68.68
1903,8,5,2025-03-08,IN,26.00,0.00,71.18
1904,8,5,2025-03-10,OUT,0.00,112.00,71.58
1905,8,5,2025-03-14,IN,41.00,0.00,68.70
1906,8,5,2025-03-16,OUT,0.00,55.00,68.95
1907,8,5,2025-03-20,IN,66.00,0.00,70.55
1908,8,5,2025-03-22,OUT,0.00,11.00,69.31
1909,8,5,2025-03-26,IN,144.00,0.00,71.79
1910,8,5,2025-03-28,OUT,0.00,132.00,70.39
1911,8,5,2025-04-01,IN,106.00,0.00,67.82
1912,8,5,2025-04-03,OUT,0.00,84.00,70.90
1913,8,5,2025-04-07,IN,179.00,0.00,69.38
1914,8,5,2025-04-09,OUT,0.00,115.00,72.48
1915,8,5,2025-04-13,IN,44.00,0.00,71.89
1916,8,5,2025-04-15,OUT,0.00,103.00,69.11
1917,8,5,2025-04-19,IN,176.00,0.00,71.58
1918,8,5,2025-04-21,OUT,0.00,46.00,72.18
1919,8,5,2025-04-25,IN,30.00,0.00,69.37
1920,8,5,2025-04-27,OUT,0.00,94.00,72.42
1921,9,5,2025-01-01,IN,27.00,0.00,15.63
1922,9,5,2025-01-03,OUT,0.00,110.00,15.01
1923,9,5,2025-01-07,IN,73.00,0.00,15.25
1924,9,5,2025-01-09,OUT,0.00,111.00,15.63
1925,9,5,2025-01-13,IN,111.00,0.00,14.83
1926,9,5,2025-01-15,OUT,0.00,42.00,15.35
1927,9,5,2025-01-19,IN,125.00,0.00,14.76
1928,9,5,2025-01-21,OUT,0.00,77.00,15.41
1929,9,5,2025-01-25,IN,100.00,0.00,15.59
1930,9,5,2025-01-27,OUT,0.00,102.00,14.70
1931,9,5,2025-01-31,IN,146.00,0.00,14.71
1932,9,5,2025-02-02,OUT,0.00,119.00,14.78
1933,9,5,2025-02-06,IN,78.00,0.00,15.43
1934,9,5,2025-02-08,OUT,0.00,18.00,14.82
1935,9,5,2025-02-12,IN,118.00,0.00,15.38
1936,9,5,2025-02-14,OUT,0.00,125.00,15.13
1937,9,5,2025-02-18,IN,172.00,0.00,14.80
1938,9,5,2025-02-20,OUT,0.00,110.00,14.61
1939,9,5,2025-02-24,IN,58.00,0.00,14.63
1940,9,5,2025-02-26,OUT,0.00,85.00,15.54
1941,9,5,2025-03-02,IN,88.00,0.00,15.49
1942,9,5,2025-03-04,OUT,0.00,38.00,14.77
1943,9,5,2025-03-08,IN,89.00,0.00,14.96
1944,9,5,2025-03-10,OUT,0.00,45.00,14.68
1945,9,5,2025-03-14,IN,89.00,0.00,15.58
1946,9,5,2025-03-16,OUT,0.00,84.00,14.67
1947,9,5,2025-03-20,IN,69.00,0.00,15.57
1948,9,5,2025-03-22,OUT,0.00,55.00,14.61
1949,9,5,2025-03-26,IN,78.00,0.00,15.57
1950,9,5,2025-03-28,OUT,0.00,45.00,15.75
1951,9,5,2025-04-01,IN,73.00,0.00,15.79
1952,9,5,2025-04-03,OUT,0.00,62.00,15.01
1953,9,5,2025-04-07,IN,54.00,0.00,14.84
1954,9,5,2025-04-09,OUT,0.00,56.00,14.80
1955,9,5,2025-04-13,IN,130.00,0.00,15.79
1956,9,5,2025-04-15,OUT,0.00,54.00,14.65
1957,9,5,2025-04-19,IN,98.00,0.00,15.48
1958,9,5,2025-04-21,OUT,0.00,13.00,15.59
1959,9,5,2025-04-25,IN,107.00,0.00,14.92
1960,9,5,2025-04-27,OUT,0.00,121.00,15.65
1961,10,5,2025-01-01,IN,110.00,0.00,11.83
1962,10,5,2025-01-03,OUT,0.00,71.00,11.75
1963,10,5,2025-01-07,IN,81.00,0.00,11.86
1964,10,5,2025-01-09,OUT,0.00,20.00,12.14
1965,10,5,2025-01-13,IN,122.00,0.00,12.47
1966,10,5,2025-01-15,OUT,0.00,24.00,12.02
1967,10,5,2025-01-19,IN,129.00,0.00,11.84
1968,10,5,2025-01-21,OUT,0.00,15.00,12.22
1969,10,5,2025-01-25,IN,146.00,0.00,11.79
1970,10,5,2025-01-27,OUT,0.00,17.00,12.44
1971,10,5,2025-01-31,IN,128.00,0.00,12.15
1972,10,5,2025-02-02,OUT,0.00,53.00,12.21
1973,10,5,2025-02-06,IN,51.00,0.00,12.24
1974,10,5,2025-02-08,OUT,0.00,97.00,11.95
1975,10,5,2025-02-12,IN,90.00,0.00,12.31
1976,10,5,2025-02-14,OUT,0.00,79.00,12.35
1977,10,5,2025-02-18,IN,29.00,0.00,12.22
1978,10,5,2025-02-20,OUT,0.00,68.00,11.94
1979,10,5,2025-02-24,IN,136.00,0.00,12.33
1980,10,5,2025-02-26,OUT,0.00,34.00,12.01
1981,10,5,2025-03-02,IN,38.00,0.00,11.63
1982,10,5,2025-03-04,OUT,0.00,74.00,12.15
1983,10,5,2025-03-08,IN,129.00,0.00,12.05
1984,10,5,2025-03-10,OUT,0.00,47.00,12.21
1985,10,5,2025-03-14,IN,95.00,0.00,12.46
1986,10,5,2025-03-16,OUT,0.00,29.00,11.59
1987,10,5,2025-03-20,IN,121.00,0.00,11.61
1988,10,5,2025-03-22,OUT,0.00,51.00,12.28
1989,10,5,2025-03-26,IN,23.00,0.00,12.00
1990,10,5,2025-03-28,OUT,0.00,138.00,11.70
1991,10,5,2025-04-01,IN,139.00,0.00,11.60
1992,10,5,2025-04-03,OUT,0.00,49.00,12.11
1993,10,5,2025-04-07,IN,80.00,0.00,11.63
1994,10,5,2025-04-09,OUT,0.00,86.00,12.50
1995,10,5,2025-04-13,IN,177.00,0.00,12.50
1996,10,5,2025-04-15,OUT,0.00,94.00,11.57
1997,10,5,2025-04-19,IN,170.00,0.00,12.03
1998,10,5,2025-04-21,OUT,0.00,47.00,12.10
1999,10,5,2025-04-25,IN,42.00,0.00,11.76
2000,10,5,2025-04-27,OUT,0.00,108.00,11.86
